Rk,Player,Tm,1D,YBC,YBC/Att,YAC,YAC/Att,BrkTkl,Att/Br,Year
1,Derrick Henry,TEN,65,739,2.1,799,2.3,35,10,2022
2,Josh Jacobs,LVR,93,832,2.4,821,2.4,31,11,2022
3,Nick Chubb,CLE,69,830,2.7,695,2.3,28,10.8,2022
4,Saquon Barkley,NYG,62,749,2.5,563,1.9,12,24.6,2022
5,Najee Harris,PIT,45,577,2.1,457,1.7,21,13,2022
6,Dalvin Cook,MIN,50,692,2.6,481,1.8,12,22,2022
7,Jamaal Williams,DET,65,626,2.4,440,1.7,13,20.2,2022
8,Miles Sanders,PHI,62,837,3.2,432,1.7,13,19.9,2022
9,Christian McCaffrey,2TM,59,683,2.8,456,1.9,10,24.4,2022
9,Christian McCaffrey,CAR,20,214,2.5,179,2.1,3,28.3,2022
9,Christian McCaffrey,SFO,39,469,2.9,277,1.7,7,22.7,2022
10,Ezekiel Elliott,DAL,52,520,2.3,356,1.5,9,25.7,2022
11,Kenneth Walker III,SEA,51,623,2.7,427,1.9,12,19,2022
12,Alvin Kamara,NOR,40,450,2,447,2,7,31.9,2022
13,Travis Etienne,JAX,52,738,3.4,387,1.8,14,15.7,2022
14,Dameon Pierce,HOU,54,433,2,506,2.3,27,8.1,2022
15,Aaron Jones,GNB,54,645,3,476,2.2,13,16.4,2022
16,Tyler Allgeier,ATL,53,609,2.9,426,2,5,42,2022
17,Joe Mixon,CIN,47,505,2.4,309,1.5,8,26.3,2022
18,Rhamondre Stevenson,NWE,49,601,2.9,439,2.1,24,8.8,2022
19,Brian Robinson Jr.,WAS,49,457,2.2,340,1.7,8,25.6,2022
20,Austin Ekeler,LAC,46,529,2.6,386,1.9,5,40.8,2022
21,D'Onta Foreman,CAR,45,505,2.5,409,2,10,20.3,2022
22,David Montgomery,CHI,41,405,2,396,2,20,10.1,2022
23,Tony Pollard,DAL,46,504,2.6,503,2.6,11,17.5,2022
24,Jonathan Taylor,IND,39,481,2.5,380,2,24,8,2022
25,Leonard Fournette,TAM,39,382,2,286,1.5,4,47.3,2022
26,Cam Akers,LAR,39,379,2,407,2.2,13,14.5,2022
27,AJ Dillon,GNB,47,453,2.4,317,1.7,6,31,2022
28,James Conner,ARI,48,444,2.4,338,1.8,5,36.6,2022
29,Raheem Mostert,MIA,44,512,2.8,379,2.1,16,11.3,2022
30,Devin Singletary,BUF,43,546,3.1,273,1.5,9,19.7,2022
31,Jeff Wilson,2TM,43,582,3.3,278,1.6,9,19.6,2022
31,Jeff Wilson,SFO,22,349,3.8,119,1.3,3,30.7,2022
31,Jeff Wilson,MIA,21,233,2.8,159,1.9,6,14,2022
32,Latavius Murray,2TM,44,478,2.8,282,1.6,5,34.2,2022
32,Latavius Murray,NOR,4,42,3.8,15,1.4,0,0,2022
32,Latavius Murray,DEN,40,436,2.7,267,1.7,5,32,2022
33,Isiah Pacheco,KAN,37,537,3.2,293,1.7,4,42.5,2022
34,Jalen Hurts,PHI,67,627,3.8,133,0.8,8,20.6,2022
35,Justin Fields,CHI,65,856,5.4,287,1.8,10,16,2022
36,Antonio Gibson,WAS,32,326,2.2,220,1.5,5,29.8,2022
37,Cordarrelle Patterson,ATL,39,414,2.9,281,2,4,36,2022
38,Khalil Herbert,CHI,26,404,3.1,327,2.5,9,14.3,2022
39,Rachaad White,TAM,27,315,2.4,166,1.3,4,32.3,2022
40,Josh Allen,BUF,55,592,4.8,170,1.4,5,24.8,2022
41,Kareem Hunt,CLE,30,233,1.9,235,1.9,6,20.5,2022
42,Daniel Jones,NYG,57,562,4.7,146,1.2,2,60,2022
43,Michael Carter,NYJ,14,270,2.4,132,1.2,7,16.3,2022
44,Lamar Jackson,BAL,47,542,4.8,222,2,14,8,2022
45,James Robinson,2TM,22,288,2.6,137,1.2,6,18.3,2022
45,James Robinson,JAX,18,222,2.7,118,1.5,4,20.3,2022
45,James Robinson,NYJ,4,66,2.3,19,0.7,2,14.5,2022
46,Kenyan Drake,BAL,21,355,3.3,127,1.2,0,0,2022
47,Damien Harris,NWE,23,304,2.9,158,1.5,5,21.2,2022
48,D'Andre Swift,DET,21,369,3.7,173,1.7,5,19.8,2022
49,Taysom Hill,NOR,34,354,3.7,221,2.3,1,96,2022
50,Chuba Hubbard,CAR,23,295,3.1,171,1.8,4,23.8,2022
51,Samaje Perine,CIN,19,232,2.4,162,1.7,5,19,2022
52,Zack Moss,2TM,18,263,2.8,193,2.1,8,11.6,2022
52,Zack Moss,BUF,3,69,4.1,22,1.3,0,0,2022
52,Zack Moss,IND,15,194,2.6,171,2.3,8,9.5,2022
53,J.K. Dobbins,BAL,26,319,3.5,201,2.2,9,10.2,2022
54,Melvin Gordon,DEN,15,168,1.9,150,1.7,5,18,2022
55,James Cook,BUF,25,329,3.7,178,2,3,29.7,2022
56,Gus Edwards,BAL,30,248,2.9,185,2.1,6,14.5,2022
57,Zonovan Knight,NYJ,14,214,2.5,86,1,2,42.5,2022
58,Marcus Mariota,ATL,30,333,3.9,105,1.2,1,85,2022
59,Breece Hall,NYJ,20,332,4.2,131,1.6,3,26.7,2022
60,Jaylen Warren,PIT,20,242,3.1,137,1.8,5,15.4,2022
61,Eno Benjamin,3TM,14,160,2.1,153,2,7,11,2022
61,Eno Benjamin,ARI,14,152,2.2,147,2.1,7,10,2022
61,Eno Benjamin,HOU,0,1,0.3,0,0,0,0,2022
61,Eno Benjamin,NOR,0,7,1.8,6,1.5,0,0,2022
62,Caleb Huntley,ATL,18,219,2.9,147,1.9,0,0,2022
63,Joe Burrow,CIN,28,220,2.9,37,0.5,0,0,2022
64,Alexander Mattison,MIN,21,171,2.3,112,1.5,6,12.3,2022
65,Jerick McKinnon,KAN,12,180,2.5,111,1.5,6,12,2022
66,Clyde Edwards-Helaire,KAN,15,134,1.9,168,2.4,3,23.7,2022
67,Darrell Henderson,LAR,14,185,2.6,98,1.4,2,35,2022
68,Joshua Kelley,LAC,16,165,2.4,122,1.8,4,17.3,2022
69,Deon Jackson,IND,13,136,2,100,1.5,1,68,2022
70,Geno Smith,SEA,24,326,4.8,40,0.6,2,34,2022
71,Chase Edmonds,2TM,8,154,2.3,91,1.3,0,0,2022
71,Chase Edmonds,MIA,6,83,2,37,0.9,0,0,2022
71,Chase Edmonds,DEN,2,71,2.7,54,2.1,0,0,2022
72,Kyler Murray,ARI,23,395,5.9,23,0.3,2,33.5,2022
73,Mark Ingram,NOR,12,139,2.2,94,1.5,4,15.5,2022
74,Trevor Lawrence,JAX,27,255,4.1,36,0.6,3,20.7,2022
75,Patrick Mahomes,KAN,25,345,5.7,13,0.2,0,0,2022
76,Rashaad Penny,SEA,15,169,3,177,3.1,2,28.5,2022
77,Kenny Pickett,PIT,23,207,3.8,30,0.5,0,0,2022
78,Russell Wilson,DEN,21,256,4.7,21,0.4,0,0,2022
79,Matt Breida,NYG,13,151,2.8,69,1.3,2,27,2022
80,Justin Herbert,LAC,17,138,2.6,9,0.2,0,0,2022
81,Boston Scott,PHI,12,170,3.1,47,0.9,2,27,2022
82,Kenneth Gainwell,PHI,17,169,3.2,71,1.3,2,26.5,2022
83,Jacoby Brissett,CLE,28,170,3.5,73,1.5,2,24.5,2022
84,Justice Hill,BAL,15,176,3.6,86,1.8,7,7,2022
85,Mac Jones,NWE,12,91,1.9,11,0.2,0,0,2022
86,Javonte Williams,DEN,9,94,2,110,2.3,6,7.8,2022
87,Jamycal Hasty,JAX,7,145,3.2,49,1.1,5,9.2,2022
88,Elijah Mitchell,SFO,15,170,3.8,109,2.4,2,22.5,2022
89,Dak Prescott,DAL,19,132,2.9,50,1.1,1,45,2022
90,Tyler Huntley,BAL,12,132,3.1,5,0.1,0,0,2022
91,Jordan Mason,SFO,10,123,2.9,135,3.1,3,14.3,2022
92,Justin Jackson,DET,8,90,2.1,80,1.9,3,14,2022
93,Dare Ogunbowale,HOU,10,87,2.1,36,0.9,0,0,2022
94,Deebo Samuel,SFO,8,127,3,105,2.5,3,14,2022
95,Royce Freeman,HOU,7,92,2.2,25,0.6,2,20.5,2022
96,Malik Davis,DAL,6,119,3.1,42,1.1,2,19,2022
97,Curtis Samuel,WAS,11,121,3.2,66,1.7,1,38,2022
98,Jonathan Williams,WAS,6,62,1.7,90,2.4,1,37,2022
99,Sony Michel,LAC,8,42,1.2,64,1.8,3,12,2022
100,Deshaun Watson,CLE,10,140,3.9,35,1,0,0,2022
101,DeeJay Dallas,SEA,9,131,3.7,55,1.6,3,11.7,2022
102,Kyren Williams,LAR,6,80,2.3,59,1.7,0,0,2022
103,Tyrion Davis-Price,SFO,5,46,1.4,53,1.6,2,17,2022
104,Aaron Rodgers,GNB,9,82,2.4,12,0.4,0,0,2022
105,Ryan Tannehill,TEN,12,77,2.3,21,0.6,1,34,2022
106,Davis Mills,HOU,8,107,3.3,1,0,0,0,2022
107,Gary Brightwell,NYG,9,82,2.6,59,1.9,1,31,2022
108,Kirk Cousins,MIN,11,66,2.1,31,1,0,0,2022
109,Baker Mayfield,2TM,7,70,2.3,19,0.6,1,31,2022
109,Baker Mayfield,CAR,5,44,2.8,8,0.5,0,0,2022
109,Baker Mayfield,LAR,2,26,1.7,11,0.7,1,15,2022
110,Andy Dalton,NOR,6,45,1.5,9,0.3,0,0,2022
111,Ty Johnson,NYJ,5,72,2.4,88,2.9,7,4.3,2022
112,Tom Brady,TAM,5,-6,-0.2,5,0.2,0,0,2022
113,Jared Goff,DET,5,67,2.3,6,0.2,0,0,2022
114,Taylor Heinicke,WAS,6,71,2.5,25,0.9,1,28,2022
115,Zach Wilson,NYJ,7,98,3.5,4,0.1,0,0,2022
116,Keaontay Ingram,ARI,4,24,0.9,36,1.3,0,0,2022
117,Matt Ryan,IND,9,59,2.2,11,0.4,0,0,2022
118,Malik Willis,TEN,8,89,3.3,34,1.3,3,9,2022
119,Rex Burkhead,HOU,4,49,1.9,31,1.2,2,13,2022
120,Sam Darnold,CAR,10,82,3.2,24,0.9,0,0,2022
121,Hassan Haskins,TEN,5,31,1.2,62,2.5,2,12.5,2022
122,Mike Boone,DEN,6,69,2.9,33,1.4,3,8,2022
123,Derek Carr,LVR,10,90,3.8,12,0.5,0,0,2022
124,Trestan Ebner,CHI,2,24,1,30,1.3,1,24,2022
125,Nyheim Hines,2TM,2,24,1,9,0.4,0,0,2022
125,Nyheim Hines,IND,2,28,1.6,8,0.4,0,0,2022
125,Nyheim Hines,BUF,0,-4,-0.7,1,0.2,0,0,2022
126,Raheem Blackshear,CAR,7,38,1.7,39,1.7,1,23,2022
127,Jimmy Garoppolo,SFO,12,14,0.6,19,0.8,0,0,2022
128,Craig Reynolds,DET,4,68,3,34,1.5,0,0,2022
129,Tua Tagovailoa,MIA,4,61,2.7,9,0.4,0,0,2022
130,Dontrell Hilliard,TEN,4,109,5,36,1.6,0,0,2022
131,J.D. McKissic,WAS,5,64,2.9,31,1.4,1,22,2022
132,Brock Purdy,SFO,5,6,0.3,7,0.3,0,0,2022
133,Carson Wentz,WAS,4,65,3,21,1,1,22,2022
134,Avery Williams,ATL,6,83,3.8,26,1.2,0,0,2022
135,Darrel Williams,ARI,8,78,3.7,24,1.1,0,0,2022
136,Jeff Driskel,HOU,4,50,2.5,25,1.3,1,20,2022
137,Benny Snell Jr.,PIT,6,54,2.7,36,1.8,0,0,2022
138,Travis Homer,SEA,4,42,2.2,32,1.7,1,19,2022
139,Bryce Perkins,LAR,6,53,2.8,37,1.9,0,0,2022
140,Mitchell Trubisky,PIT,7,23,1.2,15,0.8,1,19,2022
141,Malcolm Brown,LAR,3,62,3.4,19,1.1,2,9,2022
142,Kevin Harris,NWE,3,29,1.6,23,1.3,3,6,2022
143,Isaiah Spiller,LAC,2,17,0.9,24,1.3,0,0,2022
144,Brandon Bolden,LVR,3,50,2.9,16,0.9,0,0,2022
145,Sam Ehlinger,IND,5,80,4.7,7,0.4,0,0,2022
146,Ronald Jones II,KAN,4,47,2.8,23,1.4,1,17,2022
147,Jaret Patterson,WAS,3,40,2.4,38,2.2,0,0,2022
148,Brandon Powell,LAR,6,51,3,29,1.7,0,0,2022
149,Ke'Shawn Vaughn,TAM,3,41,2.4,12,0.7,1,17,2022
150,Zamir White,LVR,4,39,2.3,31,1.8,0,0,2022
151,Trey Lance,SFO,7,50,3.1,17,1.1,2,8,2022
152,Marlon Mack,DEN,4,61,3.8,23,1.4,2,8,2022
153,Desmond Ridder,ATL,4,49,3.1,15,0.9,0,0,2022
154,Corey Clement,ARI,6,41,2.7,14,0.9,0,0,2022
155,Phillip Lindsay,IND,1,30,2,19,1.3,0,0,2022
156,Trace McSorley,ARI,3,56,3.7,5,0.3,0,0,2022
157,Darrynton Evans,CHI,3,37,2.6,27,1.9,0,0,2022
158,Colt McCoy,ARI,5,16,1.1,20,1.4,1,14,2022
159,Jarrett Stidham,LVR,7,79,5.6,5,0.4,0,0,2022
160,Skylar Thompson,MIA,1,20,1.4,1,0.1,0,0,2022
161,Larry Rountree,LAC,0,9,0.7,10,0.8,0,0,2022
162,Steven Sims,PIT,5,65,5,5,0.4,0,0,2022
163,Matthew Stafford,LAR,3,3,0.2,6,0.5,1,13,2022
164,Jordan Wilkins,IND,2,41,3.2,17,1.3,0,0,2022
165,Jamal Agnew,JAX,6,80,6.7,6,0.5,1,12,2022
166,Salvon Ahmed,MIA,4,37,3.1,27,2.3,1,12,2022
167,Tevin Coleman,SFO,2,13,1.1,13,1.1,0,0,2022
168,Snoop Conner,JAX,2,31,2.6,11,0.9,0,0,2022
169,Devin Duvernay,BAL,7,75,6.3,9,0.8,0,0,2022
170,David Johnson,NOR,0,6,0.5,18,1.5,0,0,2022
171,Dwayne Washington,NOR,2,17,1.5,21,1.9,1,11,2022
172,Myles Gaskin,MIA,2,14,1.4,12,1.2,0,0,2022
173,CeeDee Lamb,DAL,3,36,3.6,11,1.1,1,10,2022
174,D.J. Moore,CAR,3,37,3.7,16,1.6,0,0,2022
175,Pierre Strong,NWE,5,81,8.1,19,1.9,0,0,2022
176,J.J. Taylor,NWE,0,4,0.4,5,0.5,1,10,2022
177,Patrick Taylor,GNB,2,13,1.3,18,1.8,0,0,2022
178,Bailey Zappe,NWE,0,0,0,0,0,0,0,2022
179,Tony Jones,2TM,3,12,1.2,12,1.2,1,10,2022
179,Tony Jones,NOR,0,6,3,2,1,0,0,2022
179,Tony Jones,SEA,3,6,0.8,10,1.3,1,8,2022
180,Tutu Atwell,LAR,2,25,2.8,9,1,0,0,2022
181,Braxton Berrios,NYJ,5,72,8,19,2.1,0,0,2022
182,Spencer Brown,CAR,1,32,3.6,11,1.2,0,0,2022
183,Julius Chestnut,TEN,1,5,0.6,7,0.8,1,9,2022
184,Velus Jones Jr.,CHI,5,66,7.3,37,4.1,1,9,2022
185,Cooper Kupp,LAR,4,44,4.9,8,0.9,0,0,2022
186,Isaiah McKenzie,BUF,3,47,5.2,8,0.9,0,0,2022
187,Kene Nwangwu,MIN,1,4,0.4,10,1.1,0,0,2022
188,Ronnie Rivers,LAR,1,16,1.8,5,0.6,0,0,2022
189,Cooper Rush,DAL,1,6,0.7,0,0,0,0,2022
190,Laviska Shenault Jr.,CAR,1,61,6.8,4,0.4,0,0,2022
191,Amon-Ra St. Brown,DET,3,80,8.9,15,1.7,0,0,2022
192,Chris Streveler,NYJ,1,42,4.7,12,1.3,0,0,2022
193,Derek Watt,PIT,8,12,1.3,9,1,0,0,2022
194,Chase Claypool,2TM,3,45,5,14,1.6,0,0,2022
194,Chase Claypool,PIT,3,43,5.4,12,1.5,0,0,2022
194,Chase Claypool,CHI,0,2,2,2,2,0,0,2022
195,Giovani Bernard,TAM,0,26,3.3,2,0.3,0,0,2022
196,Mike Davis,BAL,1,13,1.6,5,0.6,1,8,2022
197,Joshua Dobbs,TEN,4,37,4.6,7,0.9,0,0,2022
198,Jerome Ford,CLE,1,-1,-0.1,13,1.6,0,0,2022
199,Gunner Olszewski,PIT,3,25,3.1,14,1.8,0,0,2022
200,John Wolford,LAR,2,25,3.1,7,0.9,0,0,2022
201,Greg Dortch,ARI,3,28,4,16,2.3,0,0,2022
202,Tyreek Hill,MIA,3,26,3.7,6,0.9,1,7,2022
203,Diontae Johnson,PIT,1,19,2.7,6,0.9,0,0,2022
204,Kyle Juszczyk,SFO,5,12,1.7,14,2,0,0,2022
205,Terry McLaurin,WAS,2,23,3.3,6,0.9,0,0,2022
206,Gardner Minshew II,PHI,1,3,0.4,0,0,0,0,2022
207,Kalif Raymond,DET,4,24,3.4,12,1.7,0,0,2022
208,Patrick Ricard,BAL,5,7,1,9,1.3,0,0,2022
209,Christian Watson,GNB,2,77,11,3,0.4,0,0,2022
210,Kadarius Toney,2TM,5,55,7.9,27,3.9,1,7,2022
210,Kadarius Toney,NYG,1,10,5,13,6.5,0,0,2022
210,Kadarius Toney,KAN,4,45,9,14,2.8,1,5,2022
211,Kyle Allen,HOU,2,12,2,1,0.2,0,0,2022
212,Kendrick Bourne,NWE,2,25,4.2,14,2.3,2,3,2022
213,Ty Chandler,MIN,1,8,1.3,12,2,0,0,2022
214,Alec Ingold,MIA,5,3,0.5,5,0.8,0,0,2022
215,Anthony McFarland Jr.,PIT,3,16,2.7,14,2.3,1,6,2022
216,Rondale Moore,ARI,1,-7,-1.2,2,0.3,0,0,2022
217,Brett Rypien,DEN,2,6,1,1,0.2,0,0,2022
218,Equanimeous St. Brown,CHI,2,42,7,12,2,0,0,2022
219,P.J. Walker,CAR,3,28,4.7,11,1.8,1,6,2022
220,Davis Webb,NYG,2,41,6.8,0,0,0,0,2022
221,Mike White,NYJ,3,7,1.2,2,0.3,0,0,2022
222,Trayveon Williams,CIN,1,9,1.5,21,3.5,1,6,2022
223,Michael Burton,KAN,2,4,0.8,3,0.6,0,0,2022
224,Parris Campbell,IND,2,41,8.2,17,3.4,0,0,2022
225,Ja'Marr Chase,CIN,0,6,1.2,2,0.4,0,0,2022
226,Chad Henne,KAN,0,-5,-1,0,0,0,0,2022
227,Sam Howell,WAS,4,30,6,5,1,0,0,2022
228,Julio Jones,TAM,4,38,7.6,7,1.4,0,0,2022
229,Case Keenum,BUF,0,0,0,0,0,0,0,2022
230,Christian Kirk,JAX,0,4,0.8,7,1.4,1,5,2022
231,Elijah Moore,NYJ,2,-4,-0.8,9,1.8,0,0,2022
232,Nate Sudfeld,DET,0,-4,-0.8,0,0,0,0,2022
233,Tyrod Taylor,NYG,5,64,12.8,6,1.2,0,0,2022
234,Jonathan Ward,TEN,2,16,3.2,9,1.8,0,0,2022
235,Montrell Washington,DEN,0,10,2,20,4,2,2.5,2022
236,Jameis Winston,NOR,0,7,1.4,9,1.8,0,0,2022
237,Ameer Abdullah,LVR,2,13,3.3,7,1.8,0,0,2022
238,C.J. Beathard,JAX,0,-4,-1,0,0,0,0,2022
239,David Blough,ARI,0,5,1.3,0,0,0,0,2022
240,Treylon Burks,TEN,3,32,8,15,3.8,0,0,2022
241,Pharoh Cooper,ARI,0,12,3,3,0.8,1,4,2022
242,C.J. Ham,MIN,3,5,1.3,2,0.5,0,0,2022
243,Mecole Hardman,KAN,3,27,6.8,4,1,1,4,2022
244,Mack Hollins,LVR,2,38,9.5,2,0.5,0,0,2022
245,Zander Horvath,LAC,2,6,1.5,2,0.5,0,0,2022
246,Justin Jefferson,MIN,2,21,5.3,3,0.8,0,0,2022
247,Jerry Jeudy,DEN,4,35,8.8,5,1.3,0,0,2022
248,D'Ernest Johnson,CLE,1,5,1.3,12,3,0,0,2022
249,Zay Jones,JAX,1,16,4,2,0.5,0,0,2022
250,Ray-Ray McCloud,SFO,1,76,19,2,0.5,0,0,2022
251,Nick Mullens,MIN,1,7,1.8,1,0.3,0,0,2022
252,Adam Prentice,NOR,3,3,0.8,6,1.5,0,0,2022
253,Jalen Reagor,MIN,1,21,5.3,4,1,0,0,2022
254,Anthony Schwartz,CLE,2,55,13.8,2,0.5,0,0,2022
255,Rashid Shaheed,NOR,2,41,10.3,16,4,1,4,2022
256,Trevor Siemian,CHI,1,8,2,0,0,0,0,2022
257,Trent Taylor,CIN,0,12,3,3,0.8,1,4,2022
258,DJ Turner,LVR,1,7,1.8,19,4.8,0,0,2022
259,Garrett Wilson,NYJ,0,4,1,0,0,0,0,2022
260,Davante Adams,LVR,0,-1,-0.3,0,0,1,3,2022
261,Brandon Allen,CIN,1,-1,-0.3,0,0,0,0,2022
262,Mark Andrews,BAL,3,4,1.3,4,1.3,0,0,2022
263,Reggie Bonnafon,WAS,0,5,1.7,3,1,0,0,2022
264,Teddy Bridgewater,MIA,2,25,8.3,2,0.7,0,0,2022
265,Anthony Brown,BAL,0,-5,-1.7,0,0,0,0,2022
266,Joe Flacco,NYJ,1,6,2,0,0,0,0,2022
267,Chris Godwin,TAM,0,4,1.3,1,0.3,0,0,2022
268,Godwin Igwebuike,SEA,0,4,1.3,0,0,0,0,2022
269,Chris Moore,HOU,0,2,0.7,1,0.3,0,0,2022
270,Skyy Moore,KAN,1,21,7,3,1,0,0,2022
271,Chigoziem Okonkwo,TEN,0,0,0,2,0.7,0,0,2022
272,K.J. Osborn,MIN,2,2,0.7,4,1.3,1,3,2022
273,Devine Ozigbo,DEN,0,2,0.7,2,0.7,0,0,2022
274,George Pickens,PIT,2,20,6.7,4,1.3,0,0,2022
275,Michael Pittman Jr.,IND,2,24,8,6,2,0,0,2022
276,Tyquan Thornton,NWE,1,16,5.3,0,0,0,0,2022
277,KaVontae Turpin,DAL,1,17,5.7,0,0,0,0,2022
278,Jaylen Waddle,MIA,0,16,5.3,10,3.3,0,0,2022
279,Quez Watkins,PHI,0,1,0.3,0,0,0,0,2022
280,Brandon Aiyuk,SFO,1,15,7.5,8,4,0,0,2022
281,Andrew Beck,DEN,0,-1,-0.5,1,0.5,0,0,2022
282,Tim Boyle,CHI,0,-2,-1,0,0,0,0,2022
283,DeAndre Carter,LAC,0,-15,-7.5,0,0,0,0,2022
284,Tyler Conklin,NYJ,2,2,1,1,0.5,0,0,2022
285,Brandin Cooks,HOU,0,7,3.5,0,0,0,0,2022
286,Michael Dickson,SEA,0,-18,-9,0,0,0,0,2022
287,Jahan Dotson,WAS,0,-8,-4,1,0.5,0,0,2022
288,Ashton Dulin,IND,1,6,3,2,1,0,0,2022
289,Evan Engram,JAX,1,13,6.5,0,0,0,0,2022
290,D'Wayne Eskridge,SEA,0,9,4.5,1,0.5,0,0,2022
291,Nick Foles,IND,0,8,4,0,0,0,0,2022
292,Jamie Gillan,NYG,0,-3,-1.5,0,0,0,0,2022
293,Marquise Goodwin,SEA,0,5,2.5,0,0,0,0,2022
294,KJ Hamler,DEN,1,13,6.5,10,5,1,2,2022
295,Connor Heyward,PIT,2,24,12,3,1.5,0,0,2022
296,Kendall Hinton,DEN,1,13,6.5,0,0,0,0,2022
297,Richie James,NYG,0,2,1,4,2,1,2,2022
298,Duke Johnson,BUF,1,1,0.5,3,1.5,0,0,2022
299,Josh Johnson,SFO,0,-1,-0.5,4,2,0,0,2022
300,Travis Kelce,KAN,1,1,0.5,4,2,0,0,2022
301,Cole Kmet,CHI,1,9,4.5,0,0,0,0,2022
302,Allen Lazard,GNB,0,-1,-0.5,1,0.5,0,0,2022
303,Jakobi Meyers,NWE,2,-15,-7.5,4,2,0,0,2022
304,Ty Montgomery,NWE,0,-2,-1,0,0,0,0,2022
305,C.J. Moore,DET,2,55,27.5,0,0,0,0,2022
306,David Njoku,CLE,0,-8,-4,0,0,0,0,2022
307,Breshad Perriman,TAM,0,-7,-3.5,0,0,0,0,2022
308,Nathan Peterman,CHI,0,6,3,1,0.5,0,0,2022
309,Dante Pettis,CHI,2,37,18.5,0,0,0,0,2022
310,Wan'Dale Robinson,NYG,0,-1,-0.5,0,0,0,0,2022
311,Amari Rodgers,HOU,0,7,3.5,0,0,0,0,2022
312,Armani Rogers,WAS,1,1,0.5,25,12.5,0,0,2022
313,Trey Sermon,PHI,2,10,5,9,4.5,0,0,2022
314,Durham Smythe,MIA,1,0,0,1,0.5,0,0,2022
315,Deven Thompkins,TAM,1,22,11,4,2,0,0,2022
316,Damien Williams,ATL,0,0,0,2,1,0,0,2022
317,Olamide Zaccheaus,ATL,1,-6,-3,13,6.5,0,0,2022
318,Keenan Allen,LAC,1,6,6,2,2,0,0,2022
319,Marcus Allen,PIT,1,4,4,0,0,0,0,2022
320,Bryan Anger,DAL,0,0,0,0,0,0,0,2022
321,Tyler Badie,DEN,0,0,0,0,0,0,0,2022
322,Daniel Bellinger,NYG,1,0,0,2,2,0,0,2022
323,Nick Bellore,SEA,0,1,1,2,2,0,0,2022
324,Dyami Brown,WAS,1,15,15,0,0,0,0,2022
325,Marquise Brown,ARI,0,0,0,1,1,0,0,2022
326,Harrison Bryant,CLE,1,6,6,2,2,0,0,2022
327,Jason Cabinda,DET,1,4,4,0,0,0,0,2022
328,Sean Chandler,CAR,1,0,0,2,2,0,0,2022
329,Chase Daniel,LAC,0,4,4,0,0,0,0,2022
330,Jaelon Darden,TAM,0,2,2,0,0,0,0,2022
331,Ashtyn Davis,NYJ,1,1,1,1,1,0,0,2022
332,Stefon Diggs,BUF,0,-3,-3,0,0,0,0,2022
333,Romeo Doubs,GNB,1,11,11,0,0,0,0,2022
334,Gerald Everett,LAC,0,0,0,0,0,0,0,2022
335,Matthias Farley,LVR,0,-3,-3,0,0,0,0,2022
336,Clayton Fejedelem,MIA,0,0,0,0,0,0,0,2022
337,Demetric Felton,CLE,0,-4,-4,0,0,0,0,2022
338,Feleipe Franks,ATL,0,0,0,0,0,0,0,2022
339,Kylen Granson,IND,0,0,0,0,0,0,0,2022
340,Danny Gray,SFO,0,2,2,7,7,0,0,2022
341,Noah Gray,KAN,1,1,1,0,0,0,0,2022
342,Peyton Hendershot,DAL,1,2,2,0,0,0,0,2022
343,Kylin Hill,GNB,1,2,2,5,5,0,0,2022
344,Jordan Howard,NOR,0,0,0,1,1,0,0,2022
345,Robert Hunt,MIA,0,0,0,0,0,0,0,2022
346,Trenton Irwin,CIN,1,8,8,3,3,0,0,2022
347,Andy Isabella,BAL,0,1,1,0,0,0,0,2022
348,Dallin Leavitt,GNB,0,0,0,0,0,0,0,2022
349,Jordan Love,GNB,0,-1,-1,0,0,0,0,2022
350,Racey McMath,TEN,0,1,1,3,3,0,0,2022
351,Scott Miller,TAM,0,8,8,0,0,0,0,2022
352,Darnell Mooney,CHI,0,0,0,2,2,0,0,2022
353,Josh Palmer,LAC,1,1,1,3,3,0,0,2022
354,Zach Pascal,PHI,0,0,0,0,0,0,0,2022
355,Donovan Peoples-Jones,CLE,0,2,2,0,0,0,0,2022
356,Ben Skowronek,LAR,1,17,17,0,0,0,0,2022
357,Jonnu Smith,NWE,1,5,5,0,0,0,0,2022
358,Keith Smith,ATL,1,0,0,2,2,0,0,2022
359,Ihmir Smith-Marsette,CHI,0,-1,-1,0,0,0,0,2022
360,M.J. Stewart,HOU,1,1,1,2,2,0,0,2022
361,Courtland Sutton,DEN,0,3,3,2,2,0,0,2022
362,Adam Thielen,MIN,0,3,3,1,1,0,0,2022
363,Marquez Valdes-Scantling,KAN,0,-3,-3,0,0,1,1,2022
364,Jameson Williams,DET,1,37,37,3,3,0,0,2022
365,Cedrick Wilson Jr.,MIA,0,1,1,7,7,1,1,2022
366,Michael Woods II,CLE,0,-5,-5,0,0,0,0,2022
367,Foster Moreau,LVR,0,2,0,0,0,0,0,2022
1,Derrick Henry,TEN,63,566,2,601,2.1,23,12.2,2023
2,Christian McCaffrey,SFO,83,853,3.1,606,2.2,15,18.1,2023
3,Rachaad White,TAM,46,594,2.2,396,1.5,9,30.2,2023
4,Travis Etienne,JAX,53,573,2.1,435,1.6,31,8.6,2023
5,Joe Mixon,CIN,59,671,2.6,363,1.4,10,25.7,2023
6,Najee Harris,PIT,51,417,1.6,618,2.4,30,8.5,2023
7,Tony Pollard,DAL,56,495,2,510,2,19,13.3,2023
8,Saquon Barkley,NYG,51,480,1.9,482,2,12,20.6,2023
9,Chuba Hubbard,CAR,59,476,2,426,1.8,17,14,2023
10,James Cook,BUF,53,640,2.7,482,2,8,29.6,2023
11,Josh Jacobs,LVR,34,451,1.9,354,1.5,10,23.3,2023
12,D'Andre Swift,PHI,50,642,2.8,407,1.8,21,10.9,2023
13,Kyren Williams,LAR,62,685,3,459,2,23,9.9,2023
14,Breece Hall,NYJ,40,500,2.2,494,2.2,19,11.7,2023
15,David Montgomery,DET,59,511,2.3,504,2.3,17,12.9,2023
16,Kenneth Walker III,SEA,46,559,2.6,346,1.6,22,10,2023
17,Javonte Williams,DEN,41,402,1.9,372,1.7,11,19.7,2023
18,Devin Singletary,HOU,41,550,2.5,348,1.6,10,21.6,2023
19,Bijan Robinson,ATL,50,568,2.7,408,1.9,15,14.3,2023
20,Raheem Mostert,MIA,59,547,2.6,465,2.2,16,13.1,2023
21,James Conner,ARI,57,581,2.8,459,2.2,27,7.7,2023
22,Isiah Pacheco,KAN,53,550,2.7,385,1.9,15,13.7,2023
23,Jerome Ford,CLE,33,446,2.2,367,1.8,26,7.8,2023
24,Gus Edwards,BAL,49,448,2.3,362,1.8,12,16.5,2023
25,Tyler Allgeier,ATL,39,320,1.7,363,2,15,12.4,2023
26,Ezekiel Elliott,NWE,33,350,1.9,292,1.6,5,36.8,2023
27,Zack Moss,IND,43,449,2.5,345,1.9,4,45.8,2023
28,Jahmyr Gibbs,DET,42,487,2.7,458,2.5,21,8.7,2023
29,Alvin Kamara,NOR,42,411,2.3,283,1.6,7,25.7,2023
30,Alexander Mattison,MIN,28,388,2.2,312,1.7,5,36,2023
31,Austin Ekeler,LAC,34,328,1.8,300,1.7,9,19.9,2023
32,AJ Dillon,GNB,32,311,1.7,302,1.7,5,35.6,2023
33,Brian Robinson Jr.,WAS,47,387,2.2,346,1.9,16,11.1,2023
34,Jonathan Taylor,IND,42,287,1.7,454,2.7,14,12.1,2023
35,Jalen Hurts,PHI,68,485,3.1,120,0.8,3,52.3,2023
36,Rhamondre Stevenson,NWE,36,296,1.9,323,2.1,11,14.2,2023
37,Jaylen Warren,PIT,36,427,2.9,357,2.4,27,5.5,2023
38,Lamar Jackson,BAL,48,592,4,229,1.5,14,10.6,2023
39,Dameon Pierce,HOU,14,180,1.2,236,1.6,12,12.1,2023
40,Aaron Jones,GNB,34,337,2.4,319,2.2,11,12.9,2023
41,Kareem Hunt,CLE,38,236,1.7,175,1.3,2,67.5,2023
42,Khalil Herbert,CHI,25,329,2.5,282,2.1,13,10.2,2023
43,Miles Sanders,CAR,24,208,1.6,224,1.7,8,16.1,2023
44,Justin Fields,CHI,43,447,3.6,210,1.7,9,13.8,2023
45,Josh Allen,BUF,57,325,2.9,199,1.8,9,12.3,2023
46,D'Onta Foreman,CHI,24,260,2.4,165,1.5,7,15.6,2023
47,Zach Charbonnet,SEA,32,253,2.3,209,1.9,10,10.8,2023
48,Joshua Kelley,LAC,21,216,2,189,1.8,6,17.8,2023
49,Jamaal Williams,NOR,19,162,1.5,144,1.4,3,35.3,2023
50,Zamir White,LVR,19,206,2,245,2.4,8,13,2023
51,De'Von Achane,MIA,30,484,4.7,316,3.1,13,7.9,2023
52,Ty Chandler,MIN,20,279,2.7,182,1.8,3,34,2023
53,Tyjae Spears,TEN,24,237,2.4,216,2.2,5,20,2023
54,Rico Dowdle,DAL,17,188,2.1,173,1.9,5,17.8,2023
55,Kenneth Gainwell,PHI,19,204,2.4,160,1.9,6,14,2023
56,Justice Hill,BAL,19,267,3.2,120,1.4,9,9.3,2023
57,Taysom Hill,NOR,26,264,3.3,137,1.7,7,11.6,2023
58,Roschon Johnson,CHI,16,228,2.8,124,1.5,3,27,2023
59,Russell Wilson,DEN,38,293,3.7,48,0.6,1,80,2023
60,Latavius Murray,BUF,27,174,2.2,126,1.6,3,26.3,2023
61,Royce Freeman,LAR,17,180,2.3,139,1.8,8,9.6,2023
62,Joshua Dobbs,2TM,31,274,3.6,147,1.9,5,15.4,2023
62,Joshua Dobbs,ARI,19,180,3.8,78,1.7,2,23.5,2023
62,Joshua Dobbs,MIN,12,94,3.1,69,2.3,3,10,2023
63,Jaleel McLaughlin,DEN,16,240,3.2,170,2.2,4,19,2023
64,Patrick Mahomes,KAN,27,350,4.7,39,0.5,2,37.5,2023
65,Elijah Mitchell,SFO,14,138,1.8,143,1.9,6,12.5,2023
66,Clyde Edwards-Helaire,KAN,12,145,2.1,78,1.1,4,17.5,2023
67,Trevor Lawrence,JAX,23,285,4.1,54,0.8,5,14,2023
68,Dalvin Cook,NYJ,10,125,1.9,89,1.3,6,11.2,2023
69,Antonio Gibson,WAS,13,123,1.9,142,2.2,5,13,2023
70,Pierre Strong,CLE,10,133,2.1,158,2.5,5,12.6,2023
71,Baker Mayfield,TAM,16,96,1.5,67,1.1,4,15.5,2023
72,Cam Akers,2TM,12,78,1.3,89,1.5,6,10,2023
72,Cam Akers,LAR,4,1,0,28,1.3,4,5.5,2023
72,Cam Akers,MIN,8,77,2,61,1.6,2,19,2023
73,Emari Demercado,ARI,12,166,2.9,118,2,2,29,2023
74,Matt Breida,NYG,7,86,1.6,65,1.2,1,55,2023
75,Dak Prescott,DAL,21,171,3.1,71,1.3,1,55,2023
76,Samaje Perine,DEN,14,109,2.1,129,2.4,2,26.5,2023
77,Desmond Ridder,ATL,18,167,3.2,26,0.5,2,26.5,2023
78,Justin Herbert,LAC,16,175,3.4,53,1,2,26,2023
79,Chris Rodriguez,WAS,14,123,2.4,124,2.4,5,10.2,2023
80,Tank Bigsby,JAX,12,67,1.3,65,1.3,7,7.1,2023
81,Jordan Love,GNB,16,219,4.4,28,0.6,2,25,2023
82,Cordarrelle Patterson,ATL,9,92,1.8,89,1.8,2,25,2023
83,Chase Edmonds,TAM,8,102,2.1,74,1.5,2,24.5,2023
84,Sam Howell,WAS,19,161,3.4,102,2.1,8,6,2023
85,Keaton Mitchell,BAL,19,238,5.1,158,3.4,7,6.7,2023
86,Darrell Henderson,LAR,5,45,1,67,1.5,1,46,2023
87,Chase Brown,CIN,6,52,1.2,127,2.9,2,22,2023
88,Kyler Murray,ARI,15,229,5.2,15,0.3,0,0,2023
89,Kenny Pickett,PIT,12,42,1,12,0.3,0,0,2023
90,D'Ernest Johnson,JAX,5,76,1.9,32,0.8,1,41,2023
91,Kendre Miller,NOR,10,72,1.8,84,2,3,13.7,2023
92,Craig Reynolds,DET,11,104,2.5,75,1.8,1,41,2023
93,Jeff Wilson,MIA,8,104,2.5,84,2,1,41,2023
94,Daniel Jones,NYG,15,177,4.4,29,0.7,0,0,2023
95,Jordan Mason,SFO,13,110,2.8,96,2.4,3,13.3,2023
96,Brock Purdy,SFO,15,108,2.8,36,0.9,2,19.5,2023
97,C.J. Stroud,HOU,17,147,3.8,20,0.5,2,19.5,2023
98,Bryce Young,CAR,18,191,4.9,62,1.6,4,9.8,2023
99,Tyrod Taylor,NYG,10,153,4,44,1.2,1,38,2023
100,Deebo Samuel,SFO,13,140,3.8,85,2.3,4,9.3,2023
101,Geno Smith,SEA,10,143,3.9,12,0.3,0,0,2023
102,Isaiah Spiller,LAC,1,37,1,59,1.6,2,18.5,2023
103,Tommy DeVito,NYG,7,167,4.6,28,0.8,1,36,2023
104,Zach Wilson,NYJ,7,179,5,32,0.9,1,36,2023
105,Keaontay Ingram,ARI,4,33,0.9,41,1.2,3,11.7,2023
106,Trey Sermon,IND,7,61,1.7,99,2.8,4,8.8,2023
107,Tua Tagovailoa,MIA,5,71,2,3,0.1,1,35,2023
108,Gardner Minshew II,IND,7,93,2.7,7,0.2,1,34,2023
109,Derek Carr,NOR,4,34,1.1,6,0.2,0,0,2023
110,Jared Goff,DET,5,13,0.4,8,0.3,0,0,2023
111,Ronnie Rivers,LAR,4,75,2.3,54,1.7,1,32,2023
112,Patrick Taylor,GNB,7,71,2.2,70,2.2,4,8,2023
113,Darrynton Evans,2TM,10,77,2.4,44,1.4,0,0,2023
113,Darrynton Evans,CHI,9,65,2.2,40,1.3,0,0,2023
113,Darrynton Evans,MIA,1,12,6,4,2,0,0,2023
114,Joe Burrow,CIN,9,78,2.5,10,0.3,0,0,2023
115,Ty Johnson,BUF,8,68,2.3,64,2.1,1,30,2023
116,Michael Carter,2TM,9,128,4.3,59,2,1,30,2023
116,Michael Carter,NYJ,2,24,3,14,1.8,0,0,2023
116,Michael Carter,ARI,7,104,4.7,45,2,1,22,2023
117,Nick Chubb,CLE,8,100,3.6,70,2.5,2,14,2023
118,Rondale Moore,ARI,5,142,5.1,36,1.3,2,14,2023
119,Jake Browning,CIN,12,91,3.4,36,1.3,0,0,2023
120,Easton Stick,LAC,11,120,4.4,24,0.9,2,13.5,2023
121,Melvin Gordon,BAL,4,29,1.1,52,2,1,26,2023
122,Mac Jones,NWE,11,85,3.3,11,0.4,0,0,2023
123,Deshaun Watson,CLE,10,90,3.5,52,2,3,8.7,2023
124,Tony Jones,2TM,7,56,2.2,39,1.5,1,26,2023
124,Tony Jones,NOR,6,45,2.1,25,1.2,0,0,2023
124,Tony Jones,ARI,1,11,2.2,14,2.8,1,5,2023
125,Will Levis,TEN,7,34,1.4,23,0.9,0,0,2023
126,Anthony Richardson,IND,8,112,4.5,24,1,0,0,2023
127,Ke'Shawn Vaughn,TAM,0,22,0.9,20,0.8,4,6,2023
128,Tyson Bagent,CHI,11,98,4.3,11,0.5,0,0,2023
129,Damien Harris,BUF,9,51,2.2,43,1.9,2,11.5,2023
130,Deuce Vaughn,DAL,1,20,0.9,20,0.9,0,0,2023
131,Israel Abanikanda,NYJ,3,46,2.1,24,1.1,1,22,2023
132,Salvon Ahmed,MIA,3,18,0.8,43,2,2,11,2023
133,La'Mical Perine,KAN,3,34,1.5,43,2,1,22,2023
134,Sam Darnold,SFO,3,9,0.4,6,0.3,0,0,2023
135,Jerick McKinnon,KAN,7,46,2.2,14,0.7,0,0,2023
136,Matthew Stafford,LAR,4,61,2.9,4,0.2,0,0,2023
137,Jimmy Garoppolo,LVR,6,26,1.3,13,0.7,1,20,2023
138,Boston Scott,PHI,5,53,2.7,33,1.7,3,6.7,2023
139,Chris Brooks,MIA,2,26,1.4,80,4.2,2,9.5,2023
140,Eric Gray,NYG,2,26,1.5,22,1.3,1,17,2023
141,Aidan O'Connell,LVR,7,6,0.4,5,0.3,0,0,2023
142,Ryan Tannehill,TEN,4,59,3.5,15,0.9,0,0,2023
143,Carson Wentz,LAR,4,36,2.1,20,1.2,0,0,2023
144,Bailey Zappe,NWE,6,60,3.5,23,1.4,0,0,2023
145,Kevin Harris,NWE,2,11,0.7,54,3.4,1,16,2023
146,Mitchell Trubisky,PIT,6,43,2.7,11,0.7,1,16,2023
147,Ameer Abdullah,LVR,6,49,3.3,40,2.7,1,15,2023
148,Taylor Heinicke,ATL,5,118,7.9,6,0.4,0,0,2023
149,Tyler Huntley,BAL,3,46,3.1,9,0.6,1,15,2023
150,Sean Tucker,TAM,1,11,0.7,12,0.8,1,15,2023
151,Trayveon Williams,CIN,2,47,3.1,22,1.5,0,0,2023
152,Raheem Blackshear,CAR,1,29,2.1,17,1.2,1,14,2023
153,Kirk Cousins,MIN,6,22,1.6,3,0.2,0,0,2023
154,Derius Davis,LAC,5,78,5.6,23,1.6,1,14,2023
155,CeeDee Lamb,DAL,6,73,5.2,40,2.9,6,2.3,2023
156,Dorian Thompson-Robinson,CLE,4,50,3.6,15,1.1,2,7,2023
157,Emanuel Wilson,GNB,2,67,4.8,18,1.3,0,0,2023
158,Deon Jackson,2TM,1,3,0.2,13,0.9,0,0,2023
158,Deon Jackson,IND,1,2,0.2,12,0.9,0,0,2023
158,Deon Jackson,NYG,0,1,1,1,1,0,0,2023
159,Kyle Allen,BUF,0,-13,-1,0,0,0,0,2023
160,Tyler Goodson,IND,4,58,4.5,29,2.2,0,0,2023
161,P.J. Walker,CLE,3,14,1.1,16,1.2,1,13,2023
162,Leonard Fournette,BUF,2,20,1.7,20,1.7,0,0,2023
163,Puka Nacua,LAR,5,62,5.2,27,2.3,2,6,2023
164,Cooper Rush,DAL,1,-8,-0.7,3,0.3,0,0,2023
165,Laviska Shenault Jr.,CAR,3,26,2.2,29,2.4,1,12,2023
166,Calvin Austin III,PIT,4,49,4.5,8,0.7,0,0,2023
167,Tank Dell,HOU,3,28,2.5,23,2.1,2,5.5,2023
168,Rashaad Penny,PHI,1,16,1.5,17,1.5,0,0,2023
169,Jayden Reed,GNB,6,110,10,9,0.8,1,11,2023
170,Trevor Siemian,NYJ,5,34,3.1,6,0.5,0,0,2023
171,Kadarius Toney,KAN,2,7,0.6,24,2.2,1,11,2023
172,KaVontae Turpin,DAL,5,83,7.5,27,2.5,1,11,2023
173,Damien Williams,ARI,1,15,1.4,28,2.5,1,11,2023
174,DeeJay Dallas,SEA,2,29,2.9,7,0.7,1,10,2023
175,Nick Mullens,MIN,4,24,2.4,1,0.1,0,0,2023
176,Mason Rudolph,PIT,4,5,0.5,3,0.3,0,0,2023
177,Tre Tucker,LVR,4,60,6,17,1.7,2,5,2023
178,Gary Brightwell,NYG,0,4,0.4,15,1.7,1,9,2023
179,Zach Evans,LAR,0,5,0.6,14,1.6,1,9,2023
180,Joe Flacco,CLE,3,1,0.1,1,0.1,0,0,2023
181,Marvin Mims,DEN,2,10,1.1,20,2.2,1,9,2023
182,Elijah Moore,CLE,2,-1,-0.1,12,1.3,0,0,2023
183,Calvin Ridley,JAX,3,23,2.6,0,0,0,0,2023
184,Wan'Dale Robinson,NYG,4,75,8.3,12,1.3,1,9,2023
185,Jarrett Stidham,DEN,1,7,0.8,1,0.1,0,0,2023
186,C.J. Beathard,JAX,2,8,1,27,3.4,1,8,2023
187,Khari Blasingame,CHI,0,11,1.4,15,1.9,0,0,2023
188,J.K. Dobbins,BAL,1,18,2.3,4,0.5,0,0,2023
189,Demario Douglas,NWE,2,21,2.6,20,2.5,0,0,2023
190,Zay Flowers,BAL,1,18,2.3,38,4.8,2,4,2023
191,Xavier Gipson,NYJ,4,46,5.8,22,2.8,1,8,2023
192,Velus Jones Jr.,CHI,4,35,4.4,16,2,0,0,2023
193,Marcus Mariota,PHI,6,46,5.8,6,0.8,0,0,2023
194,Dare Ogunbowale,HOU,2,20,2.5,15,1.9,1,8,2023
195,Ihmir Smith-Marsette,CAR,4,37,4.6,37,4.6,3,2.7,2023
196,Deven Thompkins,TAM,4,36,4.5,20,2.5,0,0,2023
197,Clayton Tune,ARI,3,29,3.6,1,0.1,0,0,2023
198,Mike White,MIA,0,-9,-1.1,0,0,0,0,2023
199,Michael Burton,DEN,4,1,0.1,8,1.1,0,0,2023
200,Jeff Driskel,CLE,4,24,3.4,9,1.3,0,0,2023
201,Blaine Gabbert,KAN,2,22,3.1,23,3.3,0,0,2023
202,Kalif Raymond,DET,2,65,9.3,10,1.4,0,0,2023
203,Curtis Samuel,WAS,4,18,2.6,21,3,0,0,2023
204,Tyler Scott,CHI,2,30,4.3,11,1.6,0,0,2023
205,Rashid Shaheed,NOR,1,30,4.3,7,1,1,7,2023
206,Tyrion Davis-Price,SFO,1,7,1.2,14,2.3,0,0,2023
207,Jaren Hall,MIN,0,13,2.2,1,0.2,0,0,2023
208,Tyreek Hill,MIA,2,-2,-0.3,17,2.8,1,6,2023
209,Hunter Luepke,DAL,5,6,1,13,2.2,0,0,2023
210,Tutu Atwell,LAR,2,25,5,6,1.2,0,0,2023
211,Andrew Beck,HOU,2,2,0.4,1,0.2,0,0,2023
212,Mike Boone,HOU,2,16,3.2,7,1.4,0,0,2023
213,Lynn Bowden Jr.,NOR,3,27,5.4,5,1,0,0,2023
214,Harrison Bryant,CLE,4,4,0.8,4,0.8,0,0,2023
215,Treylon Burks,TEN,0,7,1.4,11,2.2,0,0,2023
216,Brandin Cooks,DAL,1,29,5.8,6,1.2,0,0,2023
217,Erik Ezukanma,MIA,1,6,1.2,16,3.2,1,5,2023
218,Xavier Hutchinson,HOU,3,40,8,9,1.8,1,5,2023
219,Kyle Juszczyk,SFO,2,4,0.8,2,0.4,0,0,2023
220,Drew Lock,SEA,1,14,2.8,0,0,0,0,2023
221,Kene Nwangwu,MIN,0,8,1.6,5,1,0,0,2023
222,Brandon Powell,MIN,1,13,2.6,4,0.8,0,0,2023
223,Malik Willis,TEN,1,18,3.6,3,0.6,0,0,2023
224,Jameis Winston,NOR,0,-6,-1.2,0,0,0,0,2023
225,Jamal Agnew,JAX,0,-2,-0.5,0,0,0,0,2023
226,Brandon Bolden,LVR,2,28,7,3,0.8,0,0,2023
227,Tim Boyle,NYJ,3,2,0.5,3,0.8,0,0,2023
228,Elijah Dotson,LAC,0,3,0.8,3,0.8,0,0,2023
229,Devin Duvernay,BAL,0,12,3,3,0.8,0,0,2023
230,Chris Godwin,TAM,3,20,5,18,4.5,1,4,2023
231,Marquise Goodwin,CLE,2,29,7.3,4,1,0,0,2023
232,Deonte Harty,BUF,0,-1,-0.3,1,0.3,1,4,2023
233,Jakobi Meyers,LVR,3,21,5.3,3,0.8,1,4,2023
234,D.J. Moore,CHI,1,21,5.3,0,0,0,0,2023
235,Amon-Ra St. Brown,DET,2,15,3.8,9,2.3,0,0,2023
236,Christian Watson,GNB,1,-3,-0.8,14,3.5,1,4,2023
237,Garrett Wilson,NYJ,1,-4,-1,4,1,0,0,2023
238,Matt Barkley,JAX,0,-3,-1,0,0,0,0,2023
239,Jacoby Brissett,WAS,0,10,3.3,9,3,0,0,2023
240,DeAndre Carter,LVR,2,17,5.7,1,0.3,0,0,2023
241,Ja'Marr Chase,CIN,0,-8,-2.7,2,0.7,0,0,2023
242,Sean Clifford,GNB,0,-2,-0.7,0,0,0,0,2023
243,Andy Dalton,CAR,2,11,3.7,1,0.3,0,0,2023
244,Gerald Everett,LAC,0,6,2,4,1.3,0,0,2023
245,Derrick Gore,WAS,1,22,7.3,4,1.3,0,0,2023
246,Brian Hoyer,LVR,0,-3,-1,0,0,0,0,2023
247,Quentin Johnston,LAC,0,6,2,3,1,0,0,2023
248,Cole Kmet,CHI,2,2,0.7,0,0,0,0,2023
249,Zonovan Knight,DET,0,7,2.3,6,2,0,0,2023
250,Ray-Ray McCloud,SFO,2,23,7.7,7,2.3,0,0,2023
251,Isaiah McKenzie,IND,0,7,2.3,7,2.3,0,0,2023
252,Bo Melton,GNB,2,1,0.3,20,6.7,3,1,2023
253,Ty Montgomery,NWE,0,9,3,0,0,0,0,2023
254,Skyy Moore,KAN,1,18,6,5,1.7,0,0,2023
255,Devine Ozigbo,DET,1,2,0.7,3,1,1,3,2023
256,Trey Palmer,TAM,1,20,6.7,2,0.7,0,0,2023
257,George Pickens,PIT,2,13,4.3,5,1.7,1,3,2023
258,Brett Rypien,LAR,1,19,6.3,0,0,0,0,2023
259,Tyquan Thornton,NWE,1,12,4,39,13,2,1.5,2023
260,Jaylen Waddle,MIA,1,12,4,0,0,0,0,2023
261,Jonathan Ward,TEN,1,5,1.7,6,2,0,0,2023
262,Jameson Williams,DET,1,25,8.3,4,1.3,0,0,2023
263,Keenan Allen,LAC,1,6,3,0,0,0,0,2023
264,Nick Bawden,NYJ,1,1,0.5,3,1.5,0,0,2023
265,Tyler Boyd,CIN,1,11,5.5,0,0,0,0,2023
266,Teddy Bridgewater,DET,0,-2,-1,0,0,0,0,2023
267,Marquise Brown,ARI,1,20,10,3,1.5,0,0,2023
268,Ashtyn Davis,NYJ,1,-1,-0.5,4,2,0,0,2023
269,D'Wayne Eskridge,SEA,1,5,2.5,0,0,0,0,2023
270,Chris Evans,CIN,0,7,3.5,5,2.5,0,0,2023
271,Jake Funk,IND,0,10,5,0,0,0,0,2023
272,DeAndre Hopkins,TEN,0,4,2,5,2.5,0,0,2023
273,Alec Ingold,MIA,0,0,0,0,0,0,0,2023
274,Charlie Jones,CIN,1,9,4.5,4,2,0,0,2023
275,Case Keenum,HOU,0,0,0,1,0.5,0,0,2023
276,Davis Mills,HOU,0,9,4.5,0,0,0,0,2023
277,Darnell Mooney,CHI,0,3,1.5,2,1,0,0,2023
278,Chris Moore,TEN,1,36,18,3,1.5,0,0,2023
279,Chigoziem Okonkwo,TEN,1,4,2,2,1,0,0,2023
280,Nathan Peterman,CHI,0,-4,-2,0,0,0,0,2023
281,Adam Prentice,NOR,1,10,5,2,1,0,0,2023
282,Jalen Reeves-Maybin,DET,1,3,1.5,0,0,0,0,2023
283,Ben Skowronek,LAR,1,3,1.5,6,3,0,0,2023
284,Kenyan Drake,2TM,0,0,0,0,0,0,0,2023
284,Kenyan Drake,BAL,0,0,0,0,0,0,0,2023
284,Kenyan Drake,GNB,0,0,0,0,0,0,0,2023
285,Jordan Addison,MIN,0,1,1,1,1,0,0,2023
286,Mark Andrews,BAL,0,0,0,0,0,0,0,2023
287,Rashod Bateman,BAL,1,17,17,1,1,0,0,2023
288,Braxton Berrios,MIA,1,1,1,10,10,1,1,2023
289,Jake Bobo,SEA,1,1,1,2,2,0,0,2023
290,Kendrick Bourne,NWE,1,3,3,1,1,0,0,2023
291,Dyami Brown,WAS,0,0,0,0,0,0,0,2023
292,Noah Brown,HOU,0,-1,-1,0,0,1,1,2023
293,Jason Cabinda,DET,0,0,0,0,0,0,0,2023
294,Nico Collins,HOU,0,4,4,3,3,0,0,2023
295,Tyler Conklin,NYJ,0,0,0,0,0,0,0,2023
296,Jashaun Corbin,NYG,1,1,1,0,0,0,0,2023
297,Gabriel Davis,BUF,0,-2,-2,0,0,0,0,2023
298,Stefon Diggs,BUF,1,3,3,2,2,0,0,2023
299,Greg Dortch,ARI,0,4,4,1,1,0,0,2023
300,Blake Gillikin,ARI,1,10,10,0,0,0,0,2023
301,Dallas Goedert,PHI,0,0,0,1,1,0,0,2023
302,Kylen Granson,IND,1,0,0,2,2,0,0,2023
303,Noah Gray,KAN,0,1,1,0,0,0,0,2023
304,C.J. Ham,MIN,0,5,5,2,2,0,0,2023
305,Mecole Hardman,KAN,0,3,3,0,0,0,0,2023
306,Johnny Hekker,CAR,0,-11,-11,0,0,0,0,2023
307,Peyton Hendershot,DAL,0,-2,-2,2,2,0,0,2023
308,Connor Heyward,PIT,0,0,0,0,0,0,0,2023
309,KhaDarel Hodge,ATL,0,0,0,0,0,0,0,2023
310,Amani Hooker,TEN,1,2,2,0,0,0,0,2023
311,Evan Hull,IND,0,1,1,0,0,0,0,2023
312,Rakim Jarrett,TAM,0,0,0,0,0,0,0,2023
313,Justin Jefferson,MIN,0,-12,-12,0,0,0,0,2023
314,Van Jefferson,LAR,0,3,3,1,1,0,0,2023
315,Cameron Johnston,HOU,0,-23,-23,0,0,0,0,2023
316,Christian Kirk,JAX,0,6,6,0,0,0,0,2023
317,George Kittle,SFO,1,1,1,1,1,0,0,2023
318,Cooper Kupp,LAR,0,-3,-3,0,0,0,0,2023
319,Sam LaPorta,DET,0,4,4,0,0,0,0,2023
320,John Metchie,HOU,0,3,3,1,1,0,0,2023
321,Nick Niemann,LAC,0,0,0,0,0,0,0,2023
322,Keisean Nixon,GNB,1,0,0,11,11,1,1,2023
323,Josh Palmer,LAC,0,1,1,5,5,1,1,2023
324,Kyle Pitts,ATL,0,-4,-4,0,0,0,0,2023
325,Jalen Reagor,NWE,1,12,12,5,5,0,0,2023
326,Rashee Rice,KAN,0,-3,-3,0,0,0,0,2023
327,Demarcus Robinson,LAR,1,14,14,9,9,0,0,2023
328,James Robinson,GNB,0,0,0,2,2,0,0,2023
329,Khalil Shakir,BUF,1,10,10,0,0,0,0,2023
330,Sterling Shepard,NYG,0,2,2,4,4,0,0,2023
331,Steven Sims,HOU,0,0,0,1,1,0,0,2023
332,Jonnu Smith,ATL,0,0,0,0,0,0,0,2023
333,Ryan Stonehouse,TEN,0,-11,-11,0,0,0,0,2023
334,Trent Taylor,CHI,0,-2,-2,0,0,0,0,2023
335,Adam Thielen,CAR,0,2,2,4,4,0,0,2023
336,Logan Thomas,WAS,1,0,0,2,2,0,0,2023
337,Cedric Tillman,CLE,0,8,8,0,0,0,0,2023
338,Kyle Trask,TAM,0,-1,-1,0,0,0,0,2023
339,Zeke Turner,ARI,1,2,2,0,0,0,0,2023
340,Tress Way,WAS,0,0,0,0,0,0,0,2023
341,Dontayvion Wicks,GNB,0,0,0,1,1,0,0,2023
342,Jonathan Williams,WAS,0,-2,-2,0,0,0,0,2023
343,Mike Williams,LAC,0,2,2,1,1,0,0,2023
344,Robert Woods,HOU,0,7,7,0,0,0,0,2023
345,Logan Woodside,ATL,0,6,6,0,0,0,0,2023
346,Ty Zentner,TEN,0,0,0,0,0,0,0,2023
1,Saquon Barkley,PHI,82,1328,3.8,677,2,19,18.2,2024
2,Derrick Henry,BAL,94,1012,3.1,909,2.8,42,7.7,2024
3,Kyren Williams,LAR,85,693,2.2,606,1.9,27,11.7,2024
4,Bijan Robinson,ATL,82,728,2.4,728,2.4,23,13.2,2024
5,Jonathan Taylor,IND,71,859,2.8,572,1.9,15,20.2,2024
6,Josh Jacobs,GNB,73,592,2,737,2.4,35,8.6,2024
7,Najee Harris,PIT,50,502,1.9,541,2.1,22,12,2024
8,Tony Pollard,TEN,53,521,2,558,2.1,22,11.8,2024
9,Aaron Jones,MIN,49,614,2.4,524,2.1,11,23.2,2024
10,D'Andre Swift,CHI,43,511,2,448,1.8,7,36.1,2024
11,Jahmyr Gibbs,DET,70,813,3.3,599,2.4,21,11.9,2024
12,Chuba Hubbard,CAR,62,656,2.6,539,2.2,14,17.9,2024
13,Joe Mixon,HOU,52,549,2.2,467,1.9,19,12.9,2024
14,James Conner,ARI,67,528,2.2,566,2.4,24,9.8,2024
15,Rico Dowdle,DAL,53,570,2.4,509,2.2,11,21.4,2024
16,Chase Brown,CIN,49,599,2.6,391,1.7,23,10,2024
17,Alvin Kamara,NOR,52,548,2.4,402,1.8,13,17.5,2024
18,Breece Hall,NYJ,40,432,2.1,444,2.1,7,29.9,2024
19,James Cook,BUF,48,530,2.6,479,2.3,14,14.8,2024
20,Bucky Irving,TAM,52,566,2.7,556,2.7,12,17.3,2024
21,Rhamondre Stevenson,NWE,40,370,1.8,431,2.1,14,14.8,2024
22,De'Von Achane,MIA,37,486,2.4,421,2.1,7,29,2024
23,Kareem Hunt,KAN,42,399,2,329,1.6,7,28.6,2024
24,J.K. Dobbins,LAC,47,416,2.1,489,2.5,24,8.1,2024
25,Tyrone Tracy Jr.,NYG,39,511,2.7,328,1.7,6,32,2024
26,Brian Robinson Jr.,WAS,47,378,2,421,2.3,10,18.7,2024
27,David Montgomery,DET,50,347,1.9,428,2.3,19,9.7,2024
28,Tank Bigsby,JAX,39,295,1.8,471,2.8,14,12,2024
29,Jordan Mason,SFO,37,441,2.9,348,2.3,13,11.8,2024
30,Kenneth Walker III,SEA,28,263,1.7,310,2,13,11.8,2024
31,Travis Etienne,JAX,31,283,1.9,275,1.8,3,50,2024
32,Jalen Hurts,PHI,62,449,3,181,1.2,11,13.6,2024
33,Jayden Daniels,WAS,55,653,4.4,238,1.6,9,16.4,2024
34,Rachaad White,TAM,35,231,1.6,382,2.7,9,16,2024
35,Lamar Jackson,BAL,47,666,4.8,249,1.8,7,19.9,2024
36,Javonte Williams,DEN,30,258,1.9,255,1.8,4,34.8,2024
37,Tyler Allgeier,ATL,43,288,2.1,356,2.6,7,19.6,2024
38,Zach Charbonnet,SEA,32,267,2,302,2.2,12,11.3,2024
39,Alexander Mattison,LVR,25,209,1.6,211,1.6,7,18.9,2024
40,Antonio Gibson,NWE,24,215,1.8,323,2.7,12,10,2024
41,Jaylen Warren,PIT,28,279,2.3,232,1.9,10,12,2024
42,Ray Davis,BUF,25,217,1.9,225,2,6,18.8,2024
43,Jaleel McLaughlin,DEN,25,302,2.7,194,1.7,8,14.1,2024
44,Devin Singletary,NYG,24,206,1.8,231,2,10,11.3,2024
45,Jerome Ford,CLE,25,345,3.3,220,2.1,5,20.8,2024
46,Cam Akers,2TM,21,226,2.2,218,2.1,7,14.9,2024
46,Cam Akers,HOU,5,84,2.1,63,1.6,2,20,2024
46,Cam Akers,MIN,16,142,2.2,155,2.4,5,12.8,2024
47,Emanuel Wilson,GNB,27,260,2.5,242,2.3,9,11.4,2024
48,Josh Allen,BUF,52,341,3.3,190,1.9,7,14.6,2024
49,Nick Chubb,CLE,17,170,1.7,162,1.6,4,25.5,2024
50,Gus Edwards,LAC,17,125,1.2,240,2.4,9,11.2,2024
51,Braelon Allen,NYJ,22,143,1.6,191,2.1,4,23,2024
52,Bo Nix,DEN,41,359,3.9,71,0.8,3,30.7,2024
53,Anthony Richardson,IND,34,363,4.2,136,1.6,9,9.6,2024
54,Raheem Mostert,MIA,13,143,1.7,135,1.6,1,85,2024
55,Isaac Guerendo,SFO,18,180,2.1,240,2.9,3,28,2024
56,Tyjae Spears,TEN,19,128,1.5,184,2.2,13,6.5,2024
57,Isiah Pacheco,KAN,14,182,2.2,128,1.5,0,0,2024
58,Caleb Williams,CHI,27,385,4.8,104,1.3,5,16.2,2024
59,Kyler Murray,ARI,27,468,6,104,1.3,2,39,2024
60,Austin Ekeler,WAS,19,231,3,136,1.8,3,25.7,2024
61,Audric Estime,DEN,15,134,1.8,176,2.3,3,25.3,2024
62,Kenneth Gainwell,PHI,12,162,2.2,128,1.7,3,25,2024
63,Ezekiel Elliott,DAL,14,115,1.6,111,1.5,2,37,2024
64,Zack Moss,CIN,13,166,2.2,76,1,4,18.5,2024
65,D'Onta Foreman,CLE,10,131,1.8,101,1.4,0,0,2024
66,Justin Herbert,LAC,23,224,3.2,82,1.2,2,34.5,2024
67,Jaylen Wright,MIA,11,126,1.9,123,1.8,3,22.7,2024
68,Sam Darnold,MIN,23,155,2.3,57,0.9,1,67,2024
69,Daniel Jones,NYG,26,186,2.8,79,1.2,5,13.4,2024
70,Ameer Abdullah,LVR,14,183,2.8,128,1.9,5,13.2,2024
71,Brock Purdy,SFO,33,259,3.9,64,1,2,33,2024
72,Zamir White,LVR,4,93,1.4,90,1.4,4,16.3,2024
73,Trey Benson,ARI,16,157,2.5,134,2.1,4,15.8,2024
74,Justin Fields,PIT,19,214,3.5,75,1.2,2,31,2024
75,Baker Mayfield,TAM,24,294,4.9,84,1.4,5,12,2024
76,Blake Corum,LAR,12,122,2.1,85,1.5,0,0,2024
77,Patrick Mahomes,KAN,22,240,4.1,67,1.2,0,0,2024
78,Ty Chandler,MIN,9,128,2.3,54,1,0,0,2024
79,Trey Sermon,IND,14,75,1.3,84,1.5,3,18.7,2024
80,Carson Steele,KAN,14,87,1.6,96,1.7,2,28,2024
81,Roschon Johnson,CHI,17,80,1.5,70,1.3,0,0,2024
82,Jeremy McNichols,WAS,15,97,1.8,164,3,7,7.9,2024
83,Miles Sanders,CAR,12,124,2.3,81,1.5,2,27.5,2024
84,Drake Maye,NWE,22,335,6.2,86,1.6,2,27,2024
85,Geno Smith,SEA,17,254,4.8,18,0.3,0,0,2024
86,C.J. Stroud,HOU,14,190,3.7,43,0.8,3,17.3,2024
87,Christian McCaffrey,SFO,12,116,2.3,86,1.7,3,16.7,2024
88,Sean Tucker,TAM,17,179,3.6,129,2.6,5,10,2024
89,Jamaal Williams,NOR,11,92,1.9,72,1.5,0,0,2024
90,Justice Hill,BAL,14,90,1.9,138,2.9,6,7.8,2024
91,Will Levis,TEN,20,129,2.9,54,1.2,4,11.3,2024
92,Kimani Vidal,LAC,7,83,1.9,72,1.7,3,14.3,2024
93,Russell Wilson,PIT,16,142,3.3,13,0.3,0,0,2024
94,Bryce Young,CAR,15,217,5,32,0.7,4,10.8,2024
95,Joe Burrow,CIN,16,166,4,35,0.8,0,0,2024
96,Deebo Samuel,SFO,5,67,1.6,69,1.6,1,42,2024
97,Ty Johnson,BUF,13,106,2.6,107,2.6,2,20.5,2024
98,Dameon Pierce,HOU,7,77,1.9,216,5.4,6,6.7,2024
99,Taysom Hill,NOR,18,108,2.8,170,4.4,4,9.8,2024
100,Sincere McCormick,LVR,10,90,2.3,93,2.4,5,7.8,2024
101,Kendre Miller,NOR,11,55,1.4,93,2.4,6,6.5,2024
102,Patrick Taylor,SFO,11,89,2.3,94,2.4,0,0,2024
103,Chris Brooks,GNB,12,74,2.1,109,3,6,6,2024
104,Khalil Herbert,2TM,10,74,2.1,56,1.6,0,0,2024
104,Khalil Herbert,CHI,3,6,0.8,10,1.3,0,0,2024
104,Khalil Herbert,CIN,7,68,2.4,46,1.6,0,0,2024
105,Michael Carter,ARI,9,81,2.3,50,1.4,1,35,2024
106,Jared Goff,DET,9,52,1.5,4,0.1,0,0,2024
107,Chris Rodriguez,WAS,10,62,1.8,111,3.2,1,35,2024
108,Hassan Haskins,LAC,13,39,1.1,50,1.5,0,0,2024
109,Tyler Goodson,IND,6,93,2.9,60,1.9,0,0,2024
110,D'Ernest Johnson,JAX,7,79,2.5,64,2,0,0,2024
111,Cordarrelle Patterson,PIT,7,46,1.4,89,2.8,3,10.7,2024
112,Kenny McIntosh,SEA,8,97,3.1,75,2.4,5,6.2,2024
113,Craig Reynolds,DET,6,91,2.9,48,1.5,1,31,2024
114,Deshaun Watson,CLE,8,109,3.5,39,1.3,1,31,2024
115,Isaiah Davis,NYJ,10,66,2.2,108,3.6,4,7.5,2024
116,Dare Ogunbowale,HOU,5,70,2.3,42,1.4,1,30,2024
117,Will Shipley,PHI,2,44,1.5,38,1.3,0,0,2024
118,Matthew Stafford,LAR,10,36,1.2,5,0.2,0,0,2024
119,Mac Jones,JAX,12,57,2,35,1.3,0,0,2024
120,Tyler Huntley,MIA,10,104,4,31,1.2,0,0,2024
121,Trevor Lawrence,JAX,13,89,3.4,30,1.2,2,13,2024
122,Cooper Rush,DAL,5,7,0.3,11,0.4,0,0,2024
123,Pierre Strong,CLE,6,69,2.7,39,1.5,0,0,2024
124,Jordan Love,GNB,9,48,1.9,35,1.4,0,0,2024
125,Mason Rudolph,TEN,13,83,3.3,23,0.9,1,25,2024
126,Jameis Winston,CLE,17,72,2.9,11,0.4,0,0,2024
127,Emari Demercado,ARI,8,86,3.6,137,5.7,3,8,2024
128,Kirk Cousins,ATL,2,-8,-0.3,8,0.3,0,0,2024
129,Julius Chestnut,TEN,2,55,2.5,47,2.1,2,11,2024
130,Ronnie Rivers,LAR,6,71,3.2,28,1.3,0,0,2024
131,Aaron Rodgers,NYJ,7,102,4.6,5,0.2,1,22,2024
132,Aidan O'Connell,LVR,10,19,0.9,11,0.5,0,0,2024
133,Dorian Thompson-Robinson,CLE,9,94,4.5,28,1.3,1,21,2024
134,Jamycal Hasty,NWE,4,38,1.9,31,1.6,0,0,2024
135,Jordan Mims,NOR,2,50,2.5,20,1,0,0,2024
136,Samaje Perine,KAN,7,54,2.7,38,1.9,0,0,2024
137,Jayden Reed,GNB,7,114,5.7,49,2.5,2,10,2024
138,Malik Willis,GNB,6,90,4.5,48,2.4,3,6.7,2024
139,Xavier Worthy,KAN,4,71,3.6,33,1.7,1,20,2024
140,Gardner Minshew II,LVR,5,45,2.4,13,0.7,0,0,2024
141,Drew Lock,NYG,9,103,5.7,30,1.7,0,0,2024
142,Marcus Mariota,WAS,6,78,4.3,14,0.8,1,18,2024
143,Spencer Rattler,NOR,7,99,5.5,47,2.6,0,0,2024
144,Derek Carr,NOR,4,66,3.9,5,0.3,0,0,2024
145,Tua Tagovailoa,MIA,5,49,2.9,0,0,0,0,2024
146,Mitchell Trubisky,BUF,1,1,0.1,0,0,0,0,2024
147,Deuce Vaughn,DAL,2,38,2.2,32,1.9,0,0,2024
148,KaVontae Turpin,DAL,6,53,3.3,39,2.4,2,8,2024
149,Jeff Wilson,MIA,3,24,1.5,33,2.1,0,0,2024
150,Raheem Blackshear,CAR,2,35,2.3,45,3,2,7.5,2024
151,Jacoby Brissett,NWE,5,49,3.3,13,0.9,0,0,2024
152,Keaton Mitchell,BAL,2,8,0.5,22,1.5,2,7.5,2024
153,Eric Gray,NYG,1,17,1.2,14,1,0,0,2024
154,CeeDee Lamb,DAL,4,37,2.6,33,2.4,1,14,2024
155,D.J. Moore,CHI,3,56,4,19,1.4,1,14,2024
156,Mike Boone,CAR,3,30,2.3,21,1.6,1,13,2024
157,Clyde Edwards-Helaire,NOR,2,17,1.3,29,2.2,3,4.3,2024
158,Terrell Jennings,NWE,0,19,1.5,14,1.1,0,0,2024
159,Jase McClellan,ATL,2,13,1,19,1.5,0,0,2024
160,Marvin Mims,DEN,3,14,1.1,28,2.2,1,13,2024
161,Dak Prescott,DAL,5,48,3.7,6,0.5,0,0,2024
162,Derius Davis,LAC,2,22,1.8,17,1.4,0,0,2024
163,Hunter Luepke,DAL,6,13,1.1,25,2.1,1,12,2024
164,Tyler Badie,DEN,4,22,2,64,5.8,1,11,2024
165,Andy Dalton,CAR,2,15,1.4,19,1.7,1,11,2024
166,Jake Haener,NOR,0,22,2,0,0,0,0,2024
167,Trey Lance,DAL,3,34,3.1,7,0.6,0,0,2024
168,Puka Nacua,LAR,2,24,2.2,22,2,1,11,2024
169,Jameson Williams,DET,5,40,3.6,21,1.9,1,11,2024
170,Rasheen Ali,BAL,2,16,1.6,15,1.5,0,0,2024
171,Alec Ingold,MIA,6,3,0.3,14,1.4,0,0,2024
172,Ray-Ray McCloud,ATL,3,50,5,29,2.9,0,0,2024
173,Joe Milton,NWE,4,2,0.2,14,1.4,0,0,2024
174,J.J. Taylor,HOU,1,34,3.4,10,1,0,0,2024
175,Jonathon Brooks,CAR,0,8,0.9,14,1.6,1,9,2024
176,DeeJay Dallas,ARI,4,32,3.6,17,1.9,0,0,2024
177,Tank Dell,HOU,3,35,3.9,8,0.9,0,0,2024
178,Joshua Dobbs,SFO,2,18,2,6,0.7,1,9,2024
179,Joe Flacco,IND,2,24,2.7,2,0.2,0,0,2024
180,Zay Flowers,BAL,1,27,3,29,3.2,1,9,2024
181,Kenny Pickett,PHI,3,11,1.2,4,0.4,0,0,2024
182,Desmond Ridder,LVR,2,22,2.4,14,1.6,0,0,2024
183,Tre Tucker,LVR,3,34,3.8,10,1.1,0,0,2024
184,Dalvin Cook,DAL,0,12,1.5,8,1,0,0,2024
185,Tommy DeVito,NYG,1,28,3.5,4,0.5,0,0,2024
186,Tyreek Hill,MIA,2,45,5.6,8,1,1,8,2024
187,Bo Melton,GNB,4,36,4.5,18,2.3,2,4,2024
188,Calvin Ridley,TEN,3,42,5.3,13,1.6,1,8,2024
189,Sterling Shepard,TAM,4,48,6,21,2.6,1,8,2024
190,Michael Burton,DEN,3,3,0.4,5,0.7,0,0,2024
191,Michael Penix,ATL,1,8,1.1,3,0.4,0,0,2024
192,Clayton Tune,ARI,2,-5,-0.7,1,0.1,0,0,2024
193,Tyson Bagent,CHI,0,-7,-1.2,0,0,0,0,2024
194,Travis Homer,CHI,2,16,2.7,7,1.2,0,0,2024
195,Jermar Jefferson,DET,1,9,1.5,13,2.2,0,0,2024
196,Xavier Legette,CAR,2,18,3,6,1,1,6,2024
197,MarShawn Lloyd,GNB,0,12,2,3,0.5,0,0,2024
198,Rashid Shaheed,NOR,2,21,3.5,8,1.3,0,0,2024
199,Aaron Shampklin,PIT,1,8,1.3,9,1.5,0,0,2024
200,Brian Thomas,JAX,3,38,6.3,10,1.7,0,0,2024
201,Sione Vaki,DET,0,8,1.3,6,1,0,0,2024
202,Brock Bowers,LVR,2,-1,-0.2,14,2.8,1,5,2024
203,Chris Collier,LVR,0,5,1,7,1.4,0,0,2024
204,Greg Dortch,ARI,1,24,4.8,7,1.4,0,0,2024
205,Ashton Dulin,IND,2,27,5.4,18,3.6,1,5,2024
206,Mecole Hardman,KAN,2,45,9,17,3.4,2,2.5,2024
207,Hendon Hooker,DET,1,2,0.4,0,0,0,0,2024
208,Kyle Juszczyk,SFO,1,9,1.8,17,3.4,1,5,2024
209,Jacob Kibodi,CLE,1,10,2,14,2.8,0,0,2024
210,Tanner McKee,PHI,1,-3,-0.6,2,0.4,0,0,2024
211,Malik Nabers,NYG,1,-4,-0.8,6,1.2,0,0,2024
212,Curtis Samuel,BUF,0,9,1.8,5,1,0,0,2024
213,Jaxon Smith-Njigba,SEA,1,17,3.4,9,1.8,0,0,2024
214,Kyle Trask,TAM,0,-4,-0.8,0,0,0,0,2024
215,DJ Turner,LVR,1,10,2,23,4.6,2,2.5,2024
216,Jonathan Ward,PIT,1,12,2.4,10,2,1,5,2024
217,Malik Washington,MIA,1,11,2.2,14,2.8,1,5,2024
218,Mark Andrews,BAL,3,1,0.3,4,1,0,0,2024
219,Devin Duvernay,JAX,1,-4,-1,7,1.8,0,0,2024
220,Josh Johnson,BAL,0,-1,-0.3,2,0.5,0,0,2024
221,Tony Jones,ARI,1,9,2.3,46,11.5,0,0,2024
222,Jalen McMillan,TAM,3,26,6.5,17,4.3,1,4,2024
223,Adonai Mitchell,IND,1,2,0.5,4,1,0,0,2024
224,Xavier Smith,LAR,1,30,7.5,6,1.5,0,0,2024
225,Jarrett Stidham,DEN,1,2,0.5,3,0.8,0,0,2024
226,Jaylen Waddle,MIA,1,8,2,4,1,0,0,2024
227,Blake Watson,DEN,2,7,1.8,3,0.8,0,0,2024
228,Christian Watson,GNB,1,19,4.8,4,1,1,4,2024
229,Jordan Addison,MIN,1,10,3.3,10,3.3,1,3,2024
230,Brandon Allen,SFO,0,4,1.3,0,0,0,0,2024
231,Dyami Brown,WAS,1,20,6.7,6,2,0,0,2024
232,Ja'Marr Chase,CIN,2,30,10,2,0.7,0,0,2024
233,Brandin Cooks,DAL,0,-8,-2.7,5,1.7,0,0,2024
234,Tyrion Davis-Price,PHI,0,3,1,4,1.3,0,0,2024
235,Stefon Diggs,HOU,1,6,2,2,0.7,0,0,2024
236,Demario Douglas,NWE,0,12,4,4,1.3,0,0,2024
237,Darrynton Evans,CHI,0,2,0.7,1,0.3,0,0,2024
238,Myles Gaskin,MIN,0,-2,-0.7,1,0.3,0,0,2024
239,Reggie Gilliam,BUF,1,2,0.7,5,1.7,1,3,2024
240,George Holani,SEA,1,7,2.3,3,1,0,0,2024
241,Quentin Johnston,LAC,0,1,0.3,5,1.7,1,3,2024
242,Tucker Kraft,GNB,3,3,1,3,1,0,0,2024
243,Davis Mills,HOU,1,9,3,2,0.7,0,0,2024
244,Nick Mullens,MIN,0,-2,-0.7,0,0,0,0,2024
245,Jalen Nailor,MIN,1,-5,-1.7,1,0.3,0,0,2024
246,Rome Odunze,CHI,1,6,2,9,3,0,0,2024
247,Ricky Pearsall,SFO,1,44,14.7,1,0.3,0,0,2024
248,Jalen Reagor,LAC,0,-4,-1.3,1,0.3,0,0,2024
249,Wan'Dale Robinson,NYG,1,3,1,15,5,0,0,2024
250,Tyrod Taylor,NYJ,0,8,2.7,5,1.7,1,3,2024
251,Carson Wentz,KAN,0,-1,-0.3,1,0.3,0,0,2024
252,Tim Boyle,2TM,1,8,2.7,1,0.3,0,0,2024
252,Tim Boyle,MIA,1,9,4.5,1,0.5,0,0,2024
252,Tim Boyle,NYG,0,-1,-1,0,0,0,0,2024
253,Velus Jones Jr.,2TM,1,6,2,5,1.7,0,0,2024
253,Velus Jones Jr.,CHI,1,6,3,5,2.5,0,0,2024
253,Velus Jones Jr.,CAR,0,0,0,0,0,0,0,2024
254,Tutu Atwell,LAR,0,6,3,1,0.5,0,0,2024
255,Jake Browning,CIN,0,-2,-1,0,0,0,0,2024
256,Treylon Burks,TEN,0,-5,-2.5,6,3,1,2,2024
257,Malachi Corley,NYJ,1,26,13,0,0,0,0,2024
258,Troy Franklin,DEN,0,6,3,2,1,0,0,2024
259,Jimmy Garoppolo,LAR,0,5,2.5,0,0,0,0,2024
260,C.J. Ham,MIN,1,8,4,2,1,0,0,2024
261,Taylor Heinicke,LAC,1,20,10,0,0,0,0,2024
262,Diontae Johnson,CAR,1,6,3,0,0,0,0,2024
263,Kameron Johnson,TAM,1,10,5,1,0.5,0,0,2024
264,Cooper Kupp,LAR,1,9,4.5,1,0.5,0,0,2024
265,Tyreik McAllister,LVR,1,9,4.5,2,1,0,0,2024
266,Terry McLaurin,WAS,0,2,1,0,0,0,0,2024
267,Jakobi Meyers,LVR,1,10,5,13,6.5,0,0,2024
268,Jonathan Mingo,CAR,0,4,2,1,0.5,0,0,2024
269,George Pickens,PIT,0,-8,-4,2,1,0,0,2024
270,Kalif Raymond,DET,1,-3,-1.5,3,1.5,0,0,2024
271,Khalil Shakir,BUF,0,1,0.5,3,1.5,1,2,2024
272,Darius Slayton,NYG,1,12,6,5,2.5,0,0,2024
273,Ainias Smith,PHI,1,4,2,2,1,0,0,2024
274,Jonnu Smith,MIA,0,-1,-0.5,0,0,0,0,2024
275,Amon-Ra St. Brown,DET,1,4,2,2,1,0,0,2024
276,Deven Thompkins,CAR,0,5,2.5,2,1,0,0,2024
277,Kadarius Toney,CLE,0,-7,-3.5,3,1.5,1,2,2024
278,Ke'Shawn Vaughn,SFO,0,2,1,2,1,0,0,2024
279,Jordan Whittington,LAR,2,9,4.5,3,1.5,1,2,2024
280,Garrett Wilson,NYJ,1,0,0,5,2.5,1,2,2024
281,Bailey Zappe,CLE,0,2,1,0,0,0,0,2024
282,Kevin Austin,NOR,0,8,8,1,1,0,0,2024
283,Jake Bailey,MIA,0,0,0,0,0,0,0,2024
284,Dane Belton,NYG,1,10,10,0,0,0,0,2024
285,Kendrick Bourne,NWE,1,3,3,3,3,0,0,2024
286,Tyler Boyd,TEN,1,2,2,1,1,0,0,2024
287,British Brooks,HOU,0,1,1,1,1,0,0,2024
288,Keon Coleman,BUF,0,8,8,1,1,0,0,2024
289,Tyler Conklin,NYJ,0,0,0,0,0,0,0,2024
290,Jacob Cowing,SFO,0,5,5,2,2,0,0,2024
291,Ashtyn Davis,NYJ,1,0,0,21,21,0,0,2024
292,Jahan Dotson,PHI,1,13,13,0,0,0,0,2024
293,Josh Downs,IND,0,12,12,0,0,0,0,2024
294,Xavier Gipson,NYJ,1,0,0,5,5,1,1,2024
295,Chris Godwin,TAM,1,1,1,1,1,0,0,2024
296,Noah Gray,KAN,0,-4,-4,0,0,0,0,2024
297,Matthew Hayball,NOR,1,11,11,0,0,0,0,2024
298,Jaden Hicks,KAN,0,0,0,1,1,0,0,2024
299,Sam Howell,SEA,0,0,0,2,2,1,1,2024
300,Tanner Hudson,CIN,1,0,0,1,1,0,0,2024
301,Jermaine Jackson,NOR,0,-1,-1,0,0,0,0,2024
302,Jha'Quan Jackson,TEN,0,-5,-5,0,0,0,0,2024
303,Justin Jefferson,MIN,0,3,3,0,0,0,0,2024
304,Marcus Jones,NWE,0,5,5,0,0,0,0,2024
305,Travis Kelce,KAN,0,0,0,1,1,0,0,2024
306,Joshua Kelley,TEN,0,2,2,0,0,0,0,2024
307,Charlie Kolar,BAL,1,2,2,0,0,0,0,2024
308,Dylan Laube,LVR,0,0,0,0,0,0,0,2024
309,Drake London,ATL,0,-3,-3,0,0,0,0,2024
310,Julian Love,SEA,1,0,0,2,2,0,0,2024
311,Trey McBride,ARI,1,0,0,2,2,0,0,2024
312,David Moore,CAR,0,0,0,0,0,0,0,2024
313,Elijah Moore,CLE,0,1,1,0,0,0,0,2024
314,Chigoziem Okonkwo,TEN,1,14,14,3,3,0,0,2024
315,Chris Oladokun,KAN,0,5,5,0,0,0,0,2024
316,Chris Olave,NOR,1,7,7,0,0,0,0,2024
317,Cade Otton,TAM,0,-4,-4,0,0,1,1,2024
318,Dell Pettus,NWE,1,2,2,0,0,0,0,2024
319,Ja'Lynn Polk,NWE,0,0,0,0,0,0,0,2024
320,Jalen Reeves-Maybin,DET,0,1,1,0,0,0,0,2024
321,Rashee Rice,KAN,1,0,0,1,1,0,0,2024
322,Drew Sample,CIN,0,-4,-4,0,0,0,0,2024
323,Cody Schrader,LAR,0,3,3,0,0,0,0,2024
324,JK Scott,LAC,0,0,0,0,0,0,0,2024
325,Laviska Shenault Jr.,SEA,0,0,0,1,1,0,0,2024
326,Steven Sims,HOU,0,0,0,0,0,0,0,2024
327,DeVonta Smith,PHI,0,0,0,1,1,0,0,2024
328,Tavierre Thomas,TAM,0,-2,-2,0,0,0,0,2024
329,Skylar Thompson,MIA,0,4,4,0,0,0,0,2024
330,Cedric Tillman,CLE,0,-5,-5,0,0,0,0,2024
331,Marquez Valdes-Scantling,NOR,0,4,4,0,0,0,0,2024
332,Michael Wilson,ARI,0,4,4,3,3,0,0,2024
333,Olamide Zaccheaus,WAS,1,4,4,4,4,0,0,2024
