Tm,Att_20,Yds_20,TD_20,%Rush_20,Att_10,Yds_10,TD_10,%Rush_10,Att_5,Yrds_5,TD_5,%Rush_5,Highlights,Player,Year
DET,57,107,16,60.00%,45,70,15,73.80%,28,24,14,84.80%,All Jamaal Williams red zone rushing plays,Jamaal Williams,2022
SEA,48,151,7,73.80%,16,7,2,76.20%,9,-3,1,100.00%,All Kenneth Walker red zone rushing plays,Kenneth Walker,2022
LAC,47,165,10,64.40%,24,58,10,63.20%,8,9,6,53.30%,All Austin Ekeler red zone rushing plays,Austin Ekeler,2022
PHI,45,129,10,37.80%,26,63,8,36.10%,11,17,5,26.80%,All Miles Sanders red zone rushing plays,Miles Sanders,2022
PHI,44,122,11,37.00%,26,47,11,36.10%,20,12,9,48.80%,All Jalen Hurts red zone rushing plays,Jalen Hurts,2022
JAX,40,149,4,50.00%,23,44,4,47.90%,10,5,2,43.50%,All Travis Etienne red zone rushing plays,Travis Etienne,2022
LVR,40,110,9,76.90%,23,35,8,85.20%,11,8,5,91.70%,All Josh Jacobs red zone rushing plays,Josh Jacobs,2022
MIN,39,72,6,60.00%,24,28,6,53.30%,15,12,5,60.00%,All Dalvin Cook red zone rushing plays,Dalvin Cook,2022
PIT,39,128,7,52.70%,22,51,6,53.70%,9,6,3,37.50%,All Najee Harris red zone rushing plays,Najee Harris,2022
ATL,38,140,3,34.20%,17,40,3,35.40%,6,4,1,33.30%,All Tyler Allgeier red zone rushing plays,Tyler Allgeier,2022
2TM,38,100,7,0.00%,21,34,5,0.00%,10,5,5,0.00%,All Christian McCaffrey red zone rushing plays,Christian McCaffrey,2022
CIN,38,98,7,49.40%,29,55,6,58.00%,14,10,5,63.60%,All Joe Mixon red zone rushing plays,Joe Mixon,2022
CLE,37,91,9,46.80%,20,34,7,52.60%,12,12,6,63.20%,All Nick Chubb red zone rushing plays,Nick Chubb,2022
TEN,36,118,11,75.00%,17,27,10,70.80%,15,24,10,88.20%,All Derrick Henry red zone rushing plays,Derrick Henry,2022
NYG,35,100,8,47.30%,23,53,7,51.10%,14,24,7,58.30%,All Saquon Barkley red zone rushing plays,Saquon Barkley,2022
DAL,35,97,12,50.00%,26,53,11,61.90%,16,17,9,69.60%,All Ezekiel Elliott red zone rushing plays,Ezekiel Elliott,2022
BUF,33,83,4,43.40%,17,35,4,43.60%,7,1,2,38.90%,All Devin Singletary red zone rushing plays,Devin Singletary,2022
CAR,32,105,5,43.80%,16,28,3,48.50%,7,8,3,50.00%,All D'Onta Foreman red zone rushing plays,D'Onta Foreman,2022
HOU,32,55,3,54.20%,15,19,3,50.00%,7,-2,3,53.80%,All Dameon Pierce red zone rushing plays,Dameon Pierce,2022
CHI,31,115,5,36.90%,16,56,5,37.20%,3,3,2,15.00%,All David Montgomery red zone rushing plays,David Montgomery,2022
NWE,31,49,3,50.00%,19,21,3,59.40%,7,3,2,58.30%,All Rhamondre Stevenson red zone rushing plays,Rhamondre Stevenson,2022
IND,31,58,3,43.70%,16,19,3,50.00%,8,8,3,50.00%,All Jonathan Taylor red zone rushing plays,Jonathan Taylor,2022
KAN,30,86,5,35.70%,20,54,5,43.50%,7,8,3,30.40%,All Isiah Pacheco red zone rushing plays,Isiah Pacheco,2022
ATL,30,134,8,27.00%,12,34,6,25.00%,5,11,4,27.80%,All Cordarrelle Patterson red zone rushing plays,Cordarrelle Patterson,2022
GNB,29,91,2,44.60%,9,17,0,28.10%,2,2,0,12.50%,All Aaron Jones red zone rushing plays,Aaron Jones,2022
LAR,27,79,7,54.00%,14,30,6,53.80%,8,8,5,57.10%,All Cam Akers red zone rushing plays,Cam Akers,2022
GNB,27,72,5,41.50%,17,34,5,53.10%,10,10,4,62.50%,All AJ Dillon red zone rushing plays,AJ Dillon,2022
TAM,26,44,3,52.00%,19,25,3,65.50%,8,7,3,61.50%,All Leonard Fournette red zone rushing plays,Leonard Fournette,2022
BUF,25,77,6,32.90%,15,23,5,38.50%,11,7,4,61.10%,All Josh Allen red zone rushing plays,Josh Allen,2022
CHI,25,58,5,29.80%,15,26,5,34.90%,10,19,5,50.00%,All Justin Fields red zone rushing plays,Justin Fields,2022
WAS,25,48,3,32.10%,16,17,3,37.20%,8,-5,3,47.10%,All Antonio Gibson red zone rushing plays,Antonio Gibson,2022
CLE,25,59,2,31.60%,12,32,2,31.60%,4,6,2,21.10%,All Kareem Hunt red zone rushing plays,Kareem Hunt,2022
NYG,24,76,6,32.40%,14,28,5,31.10%,7,-4,3,29.20%,All Daniel Jones red zone rushing plays,Daniel Jones,2022
2TM,24,59,3,0.00%,16,23,3,0.00%,8,2,3,0.00%,All Jeff Wilson red zone rushing plays,Jeff Wilson,2022
ARI,23,79,6,33.80%,15,52,6,44.10%,6,8,4,37.50%,All James Conner red zone rushing plays,James Conner,2022
DAL,23,99,6,32.90%,12,23,3,28.60%,6,4,2,26.10%,All Tony Pollard red zone rushing plays,Tony Pollard,2022
WAS,23,51,2,29.50%,14,19,2,32.60%,5,4,2,29.40%,All Brian Robinson red zone rushing plays,Brian Robinson,2022
DET,23,111,5,24.20%,11,44,4,18.00%,4,2,2,12.10%,All D'Andre Swift red zone rushing plays,D'Andre Swift,2022
CIN,21,52,5,27.30%,14,21,4,28.00%,7,8,4,31.80%,All Joe Burrow red zone rushing plays,Joe Burrow,2022
CHI,20,70,4,23.80%,8,7,2,18.60%,6,2,2,30.00%,All Khalil Herbert red zone rushing plays,Khalil Herbert,2022
NOR,20,38,2,36.40%,8,9,2,30.80%,4,8,2,36.40%,All Alvin Kamara red zone rushing plays,Alvin Kamara,2022
KAN,20,48,0,23.80%,7,5,0,15.20%,5,1,0,21.70%,All Jerick McKinnon red zone rushing plays,Jerick McKinnon,2022
MIA,20,54,2,39.20%,8,13,1,38.10%,3,2,1,25.00%,All Raheem Mostert red zone rushing plays,Raheem Mostert,2022
NYJ,19,42,3,31.10%,8,21,3,26.70%,3,4,2,21.40%,All Michael Carter red zone rushing plays,Michael Carter,2022
BAL,19,41,3,21.60%,7,17,3,17.50%,3,8,3,18.80%,All Kenyan Drake red zone rushing plays,Kenyan Drake,2022
ATL,19,89,1,17.10%,8,29,1,16.70%,1,2,0,5.60%,All Caleb Huntley red zone rushing plays,Caleb Huntley,2022
BAL,19,77,2,21.60%,9,17,2,22.50%,4,3,1,25.00%,All Lamar Jackson red zone rushing plays,Lamar Jackson,2022
NOR,17,67,6,30.90%,12,45,5,46.20%,3,2,2,27.30%,All Taysom Hill red zone rushing plays,Taysom Hill,2022
ATL,17,41,4,15.30%,8,16,4,16.70%,4,4,3,22.20%,All Marcus Mariota red zone rushing plays,Marcus Mariota,2022
2TM,17,30,1,0.00%,10,2,0,0.00%,4,1,0,0.00%,All James Robinson red zone rushing plays,James Robinson,2022
PHI,16,68,4,13.40%,12,41,4,16.70%,6,13,3,14.60%,All Kenneth Gainwell red zone rushing plays,Kenneth Gainwell,2022
IND,16,41,1,22.50%,7,1,0,21.90%,3,-3,0,18.80%,All Zack Moss red zone rushing plays,Zack Moss,2022
NYJ,15,49,2,24.60%,9,13,2,30.00%,4,-2,1,28.60%,All Breece Hall red zone rushing plays,Breece Hall,2022
CAR,15,54,2,20.50%,5,12,1,15.20%,1,2,1,7.10%,All Chuba Hubbard red zone rushing plays,Chuba Hubbard,2022
CIN,15,35,2,19.50%,6,15,2,12.00%,0,0,0,0.00%,All Samaje Perine red zone rushing plays,Samaje Perine,2022
BAL,14,36,2,15.90%,7,17,2,17.50%,4,8,2,25.00%,All J.K. Dobbins red zone rushing plays,J.K. Dobbins,2022
DEN,14,18,2,36.80%,10,8,2,35.70%,6,2,2,40.00%,All Melvin Gordon red zone rushing plays,Melvin Gordon,2022
LAC,14,28,2,19.20%,8,15,2,21.10%,3,4,1,20.00%,All Joshua Kelley red zone rushing plays,Joshua Kelley,2022
JAX,14,26,5,17.50%,9,19,5,18.80%,6,7,5,26.10%,All Trevor Lawrence red zone rushing plays,Trevor Lawrence,2022
KAN,14,94,4,16.70%,6,20,3,13.00%,3,6,2,13.00%,All Patrick Mahomes red zone rushing plays,Patrick Mahomes,2022
2TM,13,50,2,0.00%,5,9,1,0.00%,1,2,0,0.00%,All Eno Benjamin red zone rushing plays,Eno Benjamin,2022
MIN,13,46,5,20.00%,12,32,4,26.70%,3,-3,2,12.00%,All Alexander Mattison red zone rushing plays,Alexander Mattison,2022
BAL,12,17,3,13.60%,7,17,3,17.50%,2,2,2,12.50%,All Gus Edwards red zone rushing plays,Gus Edwards,2022
SFO,12,50,2,11.80%,7,21,2,11.70%,2,0,0,6.50%,All Elijah Mitchell red zone rushing plays,Elijah Mitchell,2022
ARI,12,28,3,0.176,5,10,3,0.147,4,5,2,0.25,All Kyler Murray red zone rushing plays,Kyler Murray,2022
2TM,12,37,6,0,11,30,6,0,6,10,5,0,All Latavius Murray red zone rushing plays,Latavius Murray,2022
PIT,12,40,1,16.20%,4,10,1,9.80%,2,3,1,8.30%,All Jaylen Warren red zone rushing plays,Jaylen Warren,2022
BUF,11,29,0,14.50%,4,11,0,10.30%,0,0,0,0.00%,All James Cook red zone rushing plays,James Cook,2022
NWE,11,39,3,17.70%,6,19,3,18.80%,2,4,2,16.70%,All Damien Harris red zone rushing plays,Damien Harris,2022
BAL,11,29,1,12.50%,4,13,1,10.00%,1,2,1,6.30%,All Tyler Huntley red zone rushing plays,Tyler Huntley,2022
PIT,11,30,3,14.90%,7,8,3,17.10%,6,5,3,25.00%,All Kenny Pickett red zone rushing plays,Kenny Pickett,2022
TAM,11,25,1,22.00%,5,4,1,17.20%,3,2,1,23.10%,All Rachaad White red zone rushing plays,Rachaad White,2022
CLE,10,22,2,12.70%,5,7,2,13.20%,2,7,2,10.50%,All Jacoby Brissett red zone rushing plays,Jacoby Brissett,2022
SFO,10,8,0,9.80%,4,-1,0,6.70%,1,-1,0,3.20%,All Tyrion Davis-Price red zone rushing plays,Tyrion Davis-Price,2022
NYJ,10,30,1,16.40%,4,1,0,13.30%,3,1,0,21.40%,All Zonovan Knight red zone rushing plays,Zonovan Knight,2022
PHI,10,34,3,8.40%,5,16,3,6.90%,3,3,2,7.30%,All Boston Scott red zone rushing plays,Boston Scott,2022
TAM,9,3,1,18.00%,2,2,1,6.90%,2,2,1,15.40%,All Tom Brady red zone rushing plays,Tom Brady,2022
NYG,9,32,1,12.20%,4,8,1,8.90%,1,3,1,4.20%,All Matt Breida red zone rushing plays,Matt Breida,2022
KAN,9,22,3,10.70%,5,4,2,10.90%,4,4,2,17.40%,All Clyde Edwards-Helaire red zone rushing plays,Clyde Edwards-Helaire,2022
LAR,9,30,3,18.00%,7,25,3,26.90%,3,8,2,21.40%,All Darrell Henderson red zone rushing plays,Darrell Henderson,2022
IND,9,29,1,0.127,1,3,1,0.031,1,3,1,0.063,All Deon Jackson red zone rushing plays,Deon Jackson,2022
ARI,8,11,1,11.80%,2,-2,1,5.90%,2,-2,1,12.50%,All Keaontay Ingram red zone rushing plays,Keaontay Ingram,2022
NWE,8,4,1,12.90%,3,10,1,9.40%,1,3,1,8.30%,All Mac Jones red zone rushing plays,Mac Jones,2022
HOU,8,27,1,13.60%,4,15,1,13.30%,2,5,1,15.40%,All Dare Ogunbowale red zone rushing plays,Dare Ogunbowale,2022
SFO,8,29,2,7.80%,3,11,1,5.00%,1,-2,0,3.20%,All Deebo Samuel red zone rushing plays,Deebo Samuel,2022
NYJ,8,18,1,13.10%,4,11,1,13.30%,2,0,0,14.30%,All Zach Wilson red zone rushing plays,Zach Wilson,2022
HOU,7,11,0,11.90%,3,6,0,10.00%,0,0,0,0.00%,All Royce Freeman red zone rushing plays,Royce Freeman,2022
WAS,7,22,0,0.09,3,6,0,0.07,0,0,0,0,All Jaret Patterson red zone rushing plays,Jaret Patterson,2022
SFO,7,6,1,6.90%,6,0,1,10.00%,5,-2,1,16.10%,All Brock Purdy red zone rushing plays,Brock Purdy,2022
GNB,7,14,1,10.80%,5,-4,1,15.60%,4,-1,1,25.00%,All Aaron Rodgers red zone rushing plays,Aaron Rodgers,2022
WAS,7,26,1,9.00%,1,10,1,2.30%,0,0,0,0.00%,All Curtis Samuel red zone rushing plays,Curtis Samuel,2022
SEA,7,35,1,10.80%,2,8,1,9.50%,0,0,0,0.00%,All Geno Smith red zone rushing plays,Geno Smith,2022
TEN,7,10,2,14.60%,6,2,2,25.00%,2,2,2,11.80%,All Ryan Tannehill red zone rushing plays,Ryan Tannehill,2022
MIN,6,26,2,9.20%,4,-6,1,8.90%,3,-2,1,12.00%,All Kirk Cousins red zone rushing plays,Kirk Cousins,2022
NOR,6,7,0,10.90%,2,5,0,7.70%,2,5,0,18.20%,All Andy Dalton red zone rushing plays,Andy Dalton,2022
CHI,6,16,0,7.10%,4,7,0,9.30%,1,1,0,5.00%,All Trestan Ebner red zone rushing plays,Trestan Ebner,2022
JAX,6,10,1,7.50%,4,7,1,8.30%,2,-2,0,8.70%,All Jamycal Hasty red zone rushing plays,Jamycal Hasty,2022
LAC,6,23,0,0.082,3,5,0,0.079,1,2,0,0.067,All Justin Herbert red zone rushing plays,Justin Herbert,2022
CAR,6,24,1,8.20%,1,7,1,3.00%,0,0,0,0.00%,All Baker Mayfield red zone rushing plays,Baker Mayfield,2022
HOU,6,34,2,10.20%,3,10,1,10.00%,1,4,1,7.70%,All Davis Mills red zone rushing plays,Davis Mills,2022
DAL,6,31,1,8.60%,2,11,1,4.80%,0,0,0,0.00%,All Dak Prescott red zone rushing plays,Dak Prescott,2022
CLE,6,16,1,7.60%,1,1,0,2.60%,1,1,0,5.30%,All Deshaun Watson red zone rushing plays,Deshaun Watson,2022
CAR,5,19,3,6.80%,4,17,3,12.10%,2,2,1,14.30%,All Raheem Blackshear red zone rushing plays,Raheem Blackshear,2022
CAR,5,19,2,6.80%,4,6,2,12.10%,3,7,2,21.40%,All Sam Darnold red zone rushing plays,Sam Darnold,2022
MIA,5,4,2,9.80%,2,4,2,9.50%,2,4,2,16.70%,All Chase Edmonds red zone rushing plays,Chase Edmonds,2022
SFO,5,6,2,4.90%,4,3,2,6.70%,4,3,2,12.90%,All Jimmy Garoppolo red zone rushing plays,Jimmy Garoppolo,2022
2TM,5,3,1,0.00%,5,3,1,0.00%,1,-2,0,0.00%,All Nyheim Hines red zone rushing plays,Nyheim Hines,2022
NOR,5,15,1,9.10%,3,7,1,11.50%,1,0,0,9.10%,All Mark Ingram red zone rushing plays,Mark Ingram,2022
DET,5,27,1,5.30%,2,5,0,3.30%,1,1,0,3.00%,All Justin Jackson red zone rushing plays,Justin Jackson,2022
SFO,5,22,1,4.90%,2,1,1,3.30%,2,1,1,6.50%,All Kyle Juszczyk red zone rushing plays,Kyle Juszczyk,2022
LAC,5,8,0,6.80%,2,0,0,5.30%,2,0,0,13.30%,All Sony Michel red zone rushing plays,Sony Michel,2022
SEA,5,5,0,7.70%,1,1,0,4.80%,0,0,0,0.00%,All Rashaad Penny red zone rushing plays,Rashaad Penny,2022
ATL,5,8,0,4.50%,2,0,0,4.20%,2,0,0,11.10%,All Desmond Ridder red zone rushing plays,Desmond Ridder,2022
WAS,5,23,1,6.40%,4,10,1,9.30%,2,3,1,11.80%,All Carson Wentz red zone rushing plays,Carson Wentz,2022
WAS,5,5,0,6.40%,1,-3,0,2.30%,1,-3,0,5.90%,All Jonathan Williams red zone rushing plays,Jonathan Williams,2022
DEN,5,36,3,13.20%,2,7,2,7.10%,2,7,2,13.30%,All Russell Wilson red zone rushing plays,Russell Wilson,2022
NYG,4,5,1,5.40%,3,2,1,6.70%,1,2,1,4.20%,All Gary Brightwell red zone rushing plays,Gary Brightwell,2022
LAR,4,1,0,8.00%,3,-2,0,11.50%,2,0,0,14.30%,All Malcolm Brown red zone rushing plays,Malcolm Brown,2022
SFO,4,3,1,3.90%,2,3,1,3.30%,1,-2,0,3.20%,All Tevin Coleman red zone rushing plays,Tevin Coleman,2022
IND,4,9,0,5.60%,2,4,0,6.30%,1,0,0,6.30%,All Sam Ehlinger red zone rushing plays,Sam Ehlinger,2022
DET,4,-1,0,4.20%,2,-1,0,3.30%,0,0,0,0.00%,All Jared Goff red zone rushing plays,Jared Goff,2022
WAS,4,12,1,5.10%,3,8,1,7.00%,1,1,1,5.90%,All Taylor Heinicke red zone rushing plays,Taylor Heinicke,2022
BAL,4,15,0,4.50%,1,3,0,2.50%,0,0,0,0.00%,All Justice Hill red zone rushing plays,Justice Hill,2022
SFO,4,19,0,3.90%,1,3,0,1.70%,0,0,0,0.00%,All Trey Lance red zone rushing plays,Trey Lance,2022
IND,4,3,1,5.60%,3,2,1,9.40%,2,1,1,12.50%,All Matt Ryan red zone rushing plays,Matt Ryan,2022
DET,4,12,0,4.20%,1,4,0,1.60%,0,0,0,0.00%,All Amon-Ra St. Brown red zone rushing plays,Amon-Ra St. Brown,2022
MIA,4,8,0,7.80%,0,0,0,0.00%,0,0,0,0.00%,All Tua Tagovailoa red zone rushing plays,Tua Tagovailoa,2022
ARI,4,8,1,5.90%,1,1,1,2.90%,1,1,1,6.30%,All Darrel Williams red zone rushing plays,Darrel Williams,2022
DEN,4,8,0,10.50%,4,8,0,14.30%,1,0,0,6.70%,All Javonte Williams red zone rushing plays,Javonte Williams,2022
LAR,3,12,1,6.00%,0,0,0,0.00%,0,0,0,0.00%,All Tutu Atwell red zone rushing plays,Tutu Atwell,2022
LVR,3,7,0,5.80%,2,4,0,7.40%,1,3,0,8.30%,All Brandon Bolden red zone rushing plays,Brandon Bolden,2022
HOU,3,0,0,5.10%,3,0,0,10.00%,2,-3,0,15.40%,All Rex Burkhead red zone rushing plays,Rex Burkhead,2022
LVR,3,7,0,5.80%,0,0,0,0.00%,0,0,0,0.00%,All Derek Carr red zone rushing plays,Derek Carr,2022
ARI,3,9,1,4.40%,3,9,1,8.80%,1,1,1,6.30%,All Corey Clement red zone rushing plays,Corey Clement,2022
DAL,3,16,0,4.30%,1,1,0,2.40%,0,0,0,0.00%,All Malik Davis red zone rushing plays,Malik Davis,2022
BAL,3,4,0,3.40%,2,1,0,5.00%,2,1,0,12.50%,All Mike Davis red zone rushing plays,Mike Davis,2022
HOU,3,-1,0,5.10%,2,0,0,6.70%,1,1,0,7.70%,All Jeff Driskel red zone rushing plays,Jeff Driskel,2022
BAL,3,24,1,3.40%,1,2,0,2.50%,0,0,0,0.00%,All Devin Duvernay red zone rushing plays,Devin Duvernay,2022
NWE,3,18,1,4.80%,1,3,0,3.10%,0,0,0,0.00%,All Kevin Harris red zone rushing plays,Kevin Harris,2022
SEA,3,4,0,0.046,2,3,0,0.095,0,0,0,0,All Travis Homer red zone rushing plays,Travis Homer,2022
SFO,3,17,1,2.90%,2,3,0,3.30%,1,-1,0,3.20%,All Jordan Mason red zone rushing plays,Jordan Mason,2022
MIN,3,6,0,0.046,2,2,0,0.044,1,0,0,0.04,All Nick Mullens red zone rushing plays,Nick Mullens,2022
NWE,3,5,1,4.80%,1,3,1,3.10%,1,3,1,8.30%,All Pierre Strong red zone rushing plays,Pierre Strong,2022
PIT,3,2,2,4.10%,3,2,2,7.30%,3,2,2,12.50%,All Mitchell Trubisky red zone rushing plays,Mitchell Trubisky,2022
NYJ,3,7,1,4.90%,3,7,1,10.00%,1,1,1,7.10%,All Mike White red zone rushing plays,Mike White,2022
TEN,3,25,1,6.30%,1,4,0,4.20%,0,0,0,0.00%,All Malik Willis red zone rushing plays,Malik Willis,2022
MIA,2,16,1,3.90%,0,0,0,0.00%,0,0,0,0.00%,All Salvon Ahmed red zone rushing plays,Salvon Ahmed,2022
TAM,2,5,0,4.00%,1,4,0,3.40%,0,0,0,0.00%,All Giovani Bernard red zone rushing plays,Giovani Bernard,2022
NWE,2,-8,0,3.20%,0,0,0,0.00%,0,0,0,0.00%,All Kendrick Bourne red zone rushing plays,Kendrick Bourne,2022
CAR,2,5,0,2.70%,2,5,0,6.10%,0,0,0,0.00%,All Spencer Brown red zone rushing plays,Spencer Brown,2022
TEN,2,-3,0,4.20%,0,0,0,0.00%,0,0,0,0.00%,All Julius Chestnut red zone rushing plays,Julius Chestnut,2022
SEA,2,4,0,3.10%,0,0,0,0.00%,0,0,0,0.00%,All DeeJay Dallas red zone rushing plays,DeeJay Dallas,2022
ARI,2,12,0,2.90%,1,3,0,2.90%,1,3,0,6.30%,All Greg Dortch red zone rushing plays,Greg Dortch,2022
TAM,2,3,0,4.00%,2,3,0,6.90%,0,0,0,0.00%,All Chris Godwin red zone rushing plays,Chris Godwin,2022
MIN,2,4,2,3.10%,2,4,2,4.40%,2,4,2,8.00%,All C.J. Ham red zone rushing plays,C.J. Ham,2022
KAN,2,-2,0,2.40%,2,-2,0,4.30%,0,0,0,0.00%,All Chad Henne red zone rushing plays,Chad Henne,2022
MIA,2,1,1,0.039,1,2,1,0.048,1,2,1,0.083,All Tyreek Hill red zone rushing plays,Tyreek Hill,2022
MIA,2,1,1,3.90%,2,1,1,9.50%,2,1,1,16.70%,All Alec Ingold red zone rushing plays,Alec Ingold,2022
NOR,2,4,0,3.60%,0,0,0,0.00%,0,0,0,0.00%,All David Johnson red zone rushing plays,David Johnson,2022
PIT,2,5,0,2.70%,0,0,0,0.00%,0,0,0,0.00%,All Diontae Johnson red zone rushing plays,Diontae Johnson,2022
NYJ,2,0,0,3.30%,0,0,0,0.00%,0,0,0,0.00%,All Ty Johnson red zone rushing plays,Ty Johnson,2022
JAX,2,7,0,2.50%,1,0,0,2.10%,0,0,0,0.00%,All Zay Jones red zone rushing plays,Zay Jones,2022
BUF,2,-2,0,2.60%,0,0,0,0.00%,0,0,0,0.00%,All Case Keenum red zone rushing plays,Case Keenum,2022
KAN,2,5,0,2.40%,2,5,0,4.30%,1,1,0,4.30%,All Travis Kelce red zone rushing plays,Travis Kelce,2022
ARI,2,5,0,2.90%,1,2,0,2.90%,0,0,0,0.00%,All Colt McCoy red zone rushing plays,Colt McCoy,2022
BUF,2,2,1,2.60%,1,7,1,2.60%,0,0,0,0.00%,All Isaiah McKenzie red zone rushing plays,Isaiah McKenzie,2022
PHI,2,4,1,1.70%,2,4,1,2.80%,1,1,1,2.40%,All Gardner Minshew red zone rushing plays,Gardner Minshew,2022
LAR,2,0,0,4.00%,1,-4,0,3.80%,0,0,0,0.00%,All Bryce Perkins red zone rushing plays,Bryce Perkins,2022
LAR,2,9,0,4.00%,0,0,0,0.00%,0,0,0,0.00%,All Brandon Powell red zone rushing plays,Brandon Powell,2022
NOR,2,4,0,3.60%,0,0,0,0.00%,0,0,0,0.00%,All Adam Prentice red zone rushing plays,Adam Prentice,2022
BAL,2,3,0,2.30%,2,3,0,5.00%,0,0,0,0.00%,All Patrick Ricard red zone rushing plays,Patrick Ricard,2022
MIA,2,1,1,3.90%,1,1,1,4.80%,1,1,1,8.30%,All Durham Smythe red zone rushing plays,Durham Smythe,2022
PIT,2,4,1,2.70%,1,2,1,2.40%,1,2,1,4.20%,All Benny Snell red zone rushing plays,Benny Snell,2022
LVR,2,13,0,3.80%,1,4,0,3.70%,0,0,0,0.00%,All Jarrett Stidham red zone rushing plays,Jarrett Stidham,2022
CIN,2,6,0,2.60%,1,-3,0,2.00%,1,-3,0,4.50%,All Trent Taylor red zone rushing plays,Trent Taylor,2022
NWE,2,18,1,3.20%,1,-1,0,3.10%,0,0,0,0.00%,All Tyquan Thornton red zone rushing plays,Tyquan Thornton,2022
KAN,2,25,1,2.40%,0,0,0,0.00%,0,0,0,0.00%,All Kadarius Toney red zone rushing plays,Kadarius Toney,2022
PIT,2,3,1,2.70%,1,1,1,2.40%,1,1,1,4.20%,All Derek Watt red zone rushing plays,Derek Watt,2022
LVR,2,-5,0,3.80%,0,0,0,0.00%,0,0,0,0.00%,All Zamir White red zone rushing plays,Zamir White,2022
IND,2,5,0,2.80%,0,0,0,0.00%,0,0,0,0.00%,All Jordan Wilkins red zone rushing plays,Jordan Wilkins,2022
ATL,2,6,1,1.80%,1,8,1,2.10%,0,0,0,0.00%,All Avery Williams red zone rushing plays,Avery Williams,2022
LVR,1,3,0,1.90%,1,3,0,3.70%,0,0,0,0.00%,All Ameer Abdullah red zone rushing plays,Ameer Abdullah,2022
NYG,1,2,1,1.40%,1,2,1,2.20%,1,2,1,4.20%,All Daniel Bellinger red zone rushing plays,Daniel Bellinger,2022
NYJ,1,15,1,1.60%,0,0,0,0.00%,0,0,0,0.00%,All Braxton Berrios red zone rushing plays,Braxton Berrios,2022
DEN,1,1,0,2.60%,0,0,0,0.00%,0,0,0,0.00%,All Mike Boone red zone rushing plays,Mike Boone,2022
MIA,1,10,0,2.00%,0,0,0,0.00%,0,0,0,0.00%,All Teddy Bridgewater red zone rushing plays,Teddy Bridgewater,2022
KAN,1,2,0,1.20%,0,0,0,0.00%,0,0,0,0.00%,All Michael Burton red zone rushing plays,Michael Burton,2022
IND,1,1,0,1.40%,0,0,0,0.00%,0,0,0,0.00%,All Parris Campbell red zone rushing plays,Parris Campbell,2022
CIN,1,-1,0,1.30%,0,0,0,0.00%,0,0,0,0.00%,All Ja'Marr Chase red zone rushing plays,Ja'Marr Chase,2022
PIT,1,0,0,1.40%,1,0,0,2.40%,1,0,0,4.20%,All Chase Claypool red zone rushing plays,Chase Claypool,2022
NYJ,1,1,0,1.60%,1,1,0,3.30%,1,1,0,7.10%,All Tyler Conklin red zone rushing plays,Tyler Conklin,2022
JAX,1,3,1,1.30%,1,3,1,2.10%,1,3,1,4.30%,All Snoop Conner red zone rushing plays,Snoop Conner,2022
JAX,1,0,0,1.30%,1,0,0,2.10%,0,0,0,0.00%,All Evan Engram red zone rushing plays,Evan Engram,2022
IND,1,0,0,1.40%,0,0,0,0.00%,0,0,0,0.00%,All Nick Foles red zone rushing plays,Nick Foles,2022
KAN,1,1,1,1.20%,1,1,1,2.20%,1,1,1,4.30%,All Noah Gray red zone rushing plays,Noah Gray,2022
DEN,1,9,0,2.60%,0,0,0,0.00%,0,0,0,0.00%,All KJ Hamler red zone rushing plays,KJ Hamler,2022
KAN,1,3,1,1.20%,1,3,1,2.20%,1,3,1,4.30%,All Mecole Hardman red zone rushing plays,Mecole Hardman,2022
DAL,1,2,1,1.40%,1,2,1,2.40%,1,2,1,4.30%,All Peyton Hendershot red zone rushing plays,Peyton Hendershot,2022
LAC,1,3,0,1.40%,1,3,0,2.60%,1,3,0,6.70%,All Zander Horvath red zone rushing plays,Zander Horvath,2022
WAS,1,9,1,1.30%,1,9,1,2.30%,0,0,0,0.00%,All Sam Howell red zone rushing plays,Sam Howell,2022
MIA,1,0,0,2.00%,0,0,0,0.00%,0,0,0,0.00%,All Robert Hunt red zone rushing plays,Robert Hunt,2022
BAL,1,1,0,1.10%,0,0,0,0.00%,0,0,0,0.00%,All Andy Isabella red zone rushing plays,Andy Isabella,2022
MIN,1,3,1,1.50%,1,3,1,2.20%,1,3,1,4.00%,All Justin Jefferson red zone rushing plays,Justin Jefferson,2022
CLE,1,4,0,1.30%,0,0,0,0.00%,0,0,0,0.00%,All D'Ernest Johnson red zone rushing plays,D'Ernest Johnson,2022
BUF,1,4,0,1.30%,0,0,0,0.00%,0,0,0,0.00%,All Duke Johnson red zone rushing plays,Duke Johnson,2022
SFO,1,-1,0,1.00%,0,0,0,0.00%,0,0,0,0.00%,All Josh Johnson red zone rushing plays,Josh Johnson,2022
KAN,1,2,1,1.20%,1,2,1,2.20%,1,2,1,4.30%,All Ronald Jones red zone rushing plays,Ronald Jones,2022
CHI,1,8,0,1.20%,0,0,0,0.00%,0,0,0,0.00%,All Velus Jones red zone rushing plays,Velus Jones,2022
DAL,1,6,0,1.40%,0,0,0,0.00%,0,0,0,0.00%,All CeeDee Lamb red zone rushing plays,CeeDee Lamb,2022
DEN,1,3,1,2.60%,1,3,1,3.60%,1,3,1,6.70%,All Marlon Mack red zone rushing plays,Marlon Mack,2022
PIT,1,3,0,1.40%,1,3,0,2.40%,0,0,0,0.00%,All Anthony McFarland red zone rushing plays,Anthony McFarland,2022
WAS,1,1,0,1.30%,0,0,0,0.00%,0,0,0,0.00%,All J.D. McKissic red zone rushing plays,J.D. McKissic,2022
ARI,1,2,0,1.50%,0,0,0,0.00%,0,0,0,0.00%,All Trace McSorley red zone rushing plays,Trace McSorley,2022
CHI,1,2,0,1.20%,0,0,0,0.00%,0,0,0,0.00%,All Darnell Mooney red zone rushing plays,Darnell Mooney,2022
CAR,1,1,0,1.40%,0,0,0,0.00%,0,0,0,0.00%,All D.J. Moore red zone rushing plays,D.J. Moore,2022
ARI,1,-4,0,1.50%,1,-4,0,2.90%,0,0,0,0.00%,All Rondale Moore red zone rushing plays,Rondale Moore,2022
KAN,1,3,0,1.20%,1,3,0,2.20%,0,0,0,0.00%,All Skyy Moore red zone rushing plays,Skyy Moore,2022
PHI,1,0,0,0.80%,1,0,0,1.40%,0,0,0,0.00%,All Zach Pascal red zone rushing plays,Zach Pascal,2022
PIT,1,1,1,1.40%,1,1,1,2.40%,1,1,1,4.20%,All George Pickens red zone rushing plays,George Pickens,2022
DET,1,8,0,1.10%,0,0,0,0.00%,0,0,0,0.00%,All Kalif Raymond red zone rushing plays,Kalif Raymond,2022
MIN,1,5,0,1.50%,0,0,0,0.00%,0,0,0,0.00%,All Jalen Reagor red zone rushing plays,Jalen Reagor,2022
DET,1,5,0,1.10%,0,0,0,0.00%,0,0,0,0.00%,All Craig Reynolds red zone rushing plays,Craig Reynolds,2022
LAR,1,1,0,2.00%,0,0,0,0.00%,0,0,0,0.00%,All Ronnie Rivers red zone rushing plays,Ronnie Rivers,2022
LAR,1,17,1,2.00%,0,0,0,0.00%,0,0,0,0.00%,All Ben Skowronek red zone rushing plays,Ben Skowronek,2022
LAR,1,1,1,0.02,1,1,1,0.038,1,1,1,0.071,All Matthew Stafford red zone rushing plays,Matthew Stafford,2022
NWE,1,-1,0,1.60%,1,-1,0,3.10%,1,-1,0,8.30%,All J.J. Taylor red zone rushing plays,J.J. Taylor,2022
GNB,1,2,0,1.50%,1,2,0,3.10%,0,0,0,0.00%,All Patrick Taylor red zone rushing plays,Patrick Taylor,2022
LVR,1,6,0,1.90%,0,0,0,0.00%,0,0,0,0.00%,All DJ Turner red zone rushing plays,DJ Turner,2022
DAL,1,3,0,1.40%,0,0,0,0.00%,0,0,0,0.00%,All KaVontae Turpin red zone rushing plays,KaVontae Turpin,2022
NOR,1,3,0,1.80%,0,0,0,0.00%,0,0,0,0.00%,All Dwayne Washington red zone rushing plays,Dwayne Washington,2022
DEN,1,1,0,2.60%,1,1,0,3.60%,0,0,0,0.00%,All Montrell Washington red zone rushing plays,Montrell Washington,2022
PHI,1,4,0,0.80%,0,0,0,0.00%,0,0,0,0.00%,All Quez Watkins red zone rushing plays,Quez Watkins,2022
GNB,1,15,1,1.50%,0,0,0,0.00%,0,0,0,0.00%,All Christian Watson red zone rushing plays,Christian Watson,2022
NYG,1,14,1,1.40%,0,0,0,0.00%,0,0,0,0.00%,All Davis Webb red zone rushing plays,Davis Webb,2022
NYJ,1,7,0,1.60%,0,0,0,0.00%,0,0,0,0.00%,All Garrett Wilson red zone rushing plays,Garrett Wilson,2022
NWE,1,5,0,1.60%,0,0,0,0.00%,0,0,0,0.00%,All Bailey Zappe red zone rushing plays,Bailey Zappe,2022
SFO,63,193,13,62.40%,34,68,11,60.70%,17,17,9,53.10%,All Christian McCaffrey red zone rushing plays,Christian McCaffrey,2023
DAL,60,164,5,58.30%,30,46,5,60.00%,13,12,3,54.20%,All Tony Pollard red zone rushing plays,Tony Pollard,2023
CIN,56,141,9,77.80%,38,68,8,80.90%,18,19,6,81.80%,All Joe Mixon red zone rushing plays,Joe Mixon,2023
DET,50,139,11,47.20%,31,56,11,50.80%,17,21,9,58.60%,All David Montgomery red zone rushing plays,David Montgomery,2023
LAR,50,190,11,61.00%,32,97,11,62.70%,13,27,8,59.10%,All Kyren Williams red zone rushing plays,Kyren Williams,2023
MIA,44,145,15,48.40%,33,69,13,56.90%,19,15,11,70.40%,All Raheem Mostert red zone rushing plays,Raheem Mostert,2023
PHI,43,86,15,41.30%,29,28,14,43.30%,16,18,13,53.30%,All Jalen Hurts red zone rushing plays,Jalen Hurts,2023
PIT,42,110,8,59.20%,23,68,8,59.00%,7,11,4,43.80%,All Najee Harris red zone rushing plays,Najee Harris,2023
KAN,42,145,6,58.30%,20,56,5,52.60%,9,3,5,50.00%,All Isiah Pacheco red zone rushing plays,Isiah Pacheco,2023
BAL,39,101,13,36.40%,30,66,13,48.40%,19,31,12,63.30%,All Gus Edwards red zone rushing plays,Gus Edwards,2023
IND,39,109,4,42.90%,21,41,3,44.70%,9,10,3,34.60%,All Zack Moss red zone rushing plays,Zack Moss,2023
SEA,38,76,7,55.10%,19,18,6,51.40%,13,8,5,76.50%,All Kenneth Walker red zone rushing plays,Kenneth Walker,2023
TAM,38,88,6,60.30%,19,28,6,76.00%,8,13,6,66.70%,All Rachaad White red zone rushing plays,Rachaad White,2023
NYG,37,74,6,57.80%,15,27,6,68.20%,6,7,4,100.00%,All Saquon Barkley red zone rushing plays,Saquon Barkley,2023
JAX,37,110,7,54.40%,16,20,6,48.50%,9,10,5,60.00%,All Travis Etienne red zone rushing plays,Travis Etienne,2023
DET,37,128,8,34.90%,21,31,5,34.40%,8,8,5,27.60%,All Jahmyr Gibbs red zone rushing plays,Jahmyr Gibbs,2023
DEN,37,78,3,49.30%,17,28,3,47.20%,8,8,3,50.00%,All Javonte Williams red zone rushing plays,Javonte Williams,2023
TEN,36,92,10,67.90%,24,36,8,75.00%,12,5,6,70.60%,All Derrick Henry red zone rushing plays,Derrick Henry,2023
LVR,36,66,5,56.30%,22,33,5,59.50%,8,11,5,53.30%,All Josh Jacobs red zone rushing plays,Josh Jacobs,2023
NOR,36,118,5,39.60%,22,49,4,40.00%,8,5,3,40.00%,All Alvin Kamara red zone rushing plays,Alvin Kamara,2023
BUF,35,137,15,32.70%,21,56,12,32.80%,14,19,8,43.80%,All Josh Allen red zone rushing plays,Josh Allen,2023
PHI,35,112,5,33.70%,27,60,5,40.30%,10,4,2,33.30%,All D'Andre Swift red zone rushing plays,D'Andre Swift,2023
ATL,34,105,3,43.00%,10,16,3,27.80%,4,3,2,36.40%,All Tyler Allgeier red zone rushing plays,Tyler Allgeier,2023
GNB,34,62,2,39.10%,18,27,2,52.90%,7,2,1,41.20%,All AJ Dillon red zone rushing plays,AJ Dillon,2023
GNB,34,113,2,39.10%,10,12,2,29.40%,6,3,2,35.30%,All Aaron Jones red zone rushing plays,Aaron Jones,2023
CAR,33,77,5,57.90%,17,38,5,58.60%,8,-1,3,50.00%,All Chuba Hubbard red zone rushing plays,Chuba Hubbard,2023
ARI,32,91,6,55.20%,18,39,6,54.50%,9,10,4,50.00%,All James Conner red zone rushing plays,James Conner,2023
CLE,32,78,9,48.50%,15,29,8,48.40%,11,15,7,64.70%,All Kareem Hunt red zone rushing plays,Kareem Hunt,2023
HOU,32,91,4,41.60%,17,21,3,39.50%,7,2,2,30.40%,All Devin Singletary red zone rushing plays,Devin Singletary,2023
BUF,31,74,1,29.00%,18,38,1,28.10%,4,1,1,12.50%,All James Cook red zone rushing plays,James Cook,2023
LAC,30,47,5,42.30%,24,38,5,53.30%,13,14,5,56.50%,All Austin Ekeler red zone rushing plays,Austin Ekeler,2023
BAL,30,114,5,28.00%,13,46,5,21.00%,5,0,1,16.70%,All Lamar Jackson red zone rushing plays,Lamar Jackson,2023
IND,28,75,6,30.80%,14,20,6,29.80%,9,6,4,34.60%,All Jonathan Taylor red zone rushing plays,Jonathan Taylor,2023
NOR,27,81,3,29.70%,18,22,3,32.70%,7,3,3,35.00%,All Taysom Hill red zone rushing plays,Taysom Hill,2023
WAS,26,97,5,46.40%,13,26,3,50.00%,7,9,2,46.70%,All Brian Robinson red zone rushing plays,Brian Robinson,2023
PHI,23,53,2,22.10%,10,19,1,14.90%,3,0,1,10.00%,All Kenneth Gainwell red zone rushing plays,Kenneth Gainwell,2023
MIN,23,21,0,45.10%,12,-5,0,42.90%,9,-7,0,56.30%,All Alexander Mattison red zone rushing plays,Alexander Mattison,2023
ATL,23,74,4,29.10%,12,38,3,33.30%,2,3,1,18.20%,All Bijan Robinson red zone rushing plays,Bijan Robinson,2023
SEA,22,14,1,31.90%,13,0,1,35.10%,3,-5,1,17.60%,All Zach Charbonnet red zone rushing plays,Zach Charbonnet,2023
CHI,22,56,4,28.90%,11,13,3,28.20%,5,1,2,25.00%,All Justin Fields red zone rushing plays,Justin Fields,2023
HOU,22,22,2,28.60%,14,15,2,32.60%,8,-1,2,34.80%,All Dameon Pierce red zone rushing plays,Dameon Pierce,2023
NWE,21,44,3,50.00%,11,28,3,57.90%,4,4,2,57.10%,All Ezekiel Elliott red zone rushing plays,Ezekiel Elliott,2023
NYJ,21,44,2,56.80%,10,14,2,66.70%,1,2,1,50.00%,All Breece Hall red zone rushing plays,Breece Hall,2023
BAL,20,71,3,18.70%,11,24,2,17.70%,4,4,2,13.30%,All Justice Hill red zone rushing plays,Justice Hill,2023
BUF,20,41,4,18.70%,17,31,4,26.60%,11,10,4,34.40%,All Latavius Murray red zone rushing plays,Latavius Murray,2023
MIA,19,81,5,20.90%,11,36,5,19.00%,4,9,3,14.80%,All De'Von Achane red zone rushing plays,De'Von Achane,2023
NWE,18,54,3,42.90%,8,25,3,42.10%,3,3,2,42.90%,All Rhamondre Stevenson red zone rushing plays,Rhamondre Stevenson,2023
DEN,18,23,3,24.00%,7,10,3,19.40%,4,6,3,25.00%,All Russell Wilson red zone rushing plays,Russell Wilson,2023
CHI,17,47,4,22.40%,10,25,4,25.60%,6,7,4,30.00%,All D'Onta Foreman red zone rushing plays,D'Onta Foreman,2023
PIT,17,65,3,23.90%,8,4,0,20.50%,4,-4,0,25.00%,All Jaylen Warren red zone rushing plays,Jaylen Warren,2023
CLE,16,24,3,24.20%,10,23,3,32.30%,4,11,3,23.50%,All Jerome Ford red zone rushing plays,Jerome Ford,2023
TAM,16,1,1,25.40%,5,7,1,20.00%,3,-1,1,25.00%,All Baker Mayfield red zone rushing plays,Baker Mayfield,2023
SFO,16,36,2,15.80%,12,20,2,21.40%,8,6,2,25.00%,All Elijah Mitchell red zone rushing plays,Elijah Mitchell,2023
DAL,15,42,2,14.60%,6,10,2,12.00%,4,2,2,16.70%,All Rico Dowdle red zone rushing plays,Rico Dowdle,2023
CHI,15,45,2,19.70%,5,10,1,12.80%,1,1,1,5.00%,All Khalil Herbert red zone rushing plays,Khalil Herbert,2023
LAR,14,24,1,17.10%,9,7,1,17.60%,4,2,1,18.20%,All Royce Freeman red zone rushing plays,Royce Freeman,2023
LAC,14,45,1,19.70%,7,13,1,15.60%,3,3,1,13.00%,All Joshua Kelley red zone rushing plays,Joshua Kelley,2023
JAX,14,28,4,20.60%,10,15,4,30.30%,4,-1,2,26.70%,All Trevor Lawrence red zone rushing plays,Trevor Lawrence,2023
KAN,13,16,0,18.10%,8,-13,0,21.10%,5,-8,0,27.80%,All Patrick Mahomes red zone rushing plays,Patrick Mahomes,2023
DAL,13,67,2,12.60%,7,31,1,14.00%,2,3,0,8.30%,All Dak Prescott red zone rushing plays,Dak Prescott,2023
ATL,12,55,5,15.20%,7,31,5,19.40%,2,2,1,18.20%,All Desmond Ridder red zone rushing plays,Desmond Ridder,2023
LVR,12,17,1,18.80%,7,6,1,18.90%,3,-1,1,20.00%,All Zamir White red zone rushing plays,Zamir White,2023
NOR,12,27,1,13.20%,7,14,1,12.70%,2,2,1,10.00%,All Jamaal Williams red zone rushing plays,Jamaal Williams,2023
2TM,11,53,4,0.00%,4,18,3,0.00%,2,1,1,0.00%,All Joshua Dobbs red zone rushing plays,Joshua Dobbs,2023
LAC,11,35,3,15.50%,6,4,2,13.30%,5,2,2,21.70%,All Justin Herbert red zone rushing plays,Justin Herbert,2023
CHI,11,26,2,14.50%,7,17,2,17.90%,5,6,2,25.00%,All Roschon Johnson red zone rushing plays,Roschon Johnson,2023
ARI,11,25,3,19.00%,9,6,3,27.30%,5,-11,2,27.80%,All Kyler Murray red zone rushing plays,Kyler Murray,2023
DEN,11,38,1,14.70%,7,13,1,19.40%,3,2,1,18.80%,All Samaje Perine red zone rushing plays,Samaje Perine,2023
CAR,11,10,1,19.30%,7,7,1,24.10%,4,0,1,25.00%,All Miles Sanders red zone rushing plays,Miles Sanders,2023
DET,10,16,2,9.40%,4,9,2,6.60%,2,4,2,6.90%,All Jared Goff red zone rushing plays,Jared Goff,2023
JAX,9,17,2,13.20%,4,9,2,12.10%,2,2,2,13.30%,All Tank Bigsby red zone rushing plays,Tank Bigsby,2023
CIN,9,16,3,12.50%,7,11,3,14.90%,4,3,3,18.20%,All Jake Browning red zone rushing plays,Jake Browning,2023
MIN,9,15,3,17.60%,5,8,3,17.90%,3,5,3,18.80%,All Ty Chandler red zone rushing plays,Ty Chandler,2023
WAS,9,40,5,16.10%,5,19,4,19.20%,2,2,2,13.30%,All Sam Howell red zone rushing plays,Sam Howell,2023
GNB,9,23,4,10.30%,5,15,4,14.70%,3,4,3,17.60%,All Jordan Love red zone rushing plays,Jordan Love,2023
SFO,9,53,4,8.90%,2,3,2,3.60%,2,3,2,6.30%,All Deebo Samuel red zone rushing plays,Deebo Samuel,2023
TEN,9,41,2,17.00%,5,10,1,15.60%,3,6,1,17.60%,All Tyjae Spears red zone rushing plays,Tyjae Spears,2023
HOU,9,30,3,11.70%,6,15,3,14.00%,3,3,2,13.00%,All C.J. Stroud red zone rushing plays,C.J. Stroud,2023
MIA,9,3,0,9.90%,6,1,0,10.30%,1,0,0,3.70%,All Tua Tagovailoa red zone rushing plays,Tua Tagovailoa,2023
MIA,9,34,0,9.90%,2,2,0,3.40%,1,1,0,3.70%,All Jeff Wilson red zone rushing plays,Jeff Wilson,2023
NYG,8,15,1,12.50%,1,8,1,4.50%,0,0,0,0.00%,All Matt Breida red zone rushing plays,Matt Breida,2023
NYJ,8,10,0,21.60%,2,6,0,13.30%,0,0,0,0.00%,All Dalvin Cook red zone rushing plays,Dalvin Cook,2023
WAS,8,24,1,14.30%,1,2,1,3.80%,1,2,1,6.70%,All Antonio Gibson red zone rushing plays,Antonio Gibson,2023
NYG,8,38,1,12.50%,2,3,0,9.10%,0,0,0,0.00%,All Daniel Jones red zone rushing plays,Daniel Jones,2023
IND,8,44,4,8.80%,4,10,2,8.50%,3,5,2,11.50%,All Anthony Richardson red zone rushing plays,Anthony Richardson,2023
SEA,8,25,1,11.60%,4,10,1,10.80%,0,0,0,0.00%,All Geno Smith red zone rushing plays,Geno Smith,2023
2TM,7,24,2,0.00%,5,11,2,0.00%,2,1,1,0.00%,All Cam Akers red zone rushing plays,Cam Akers,2023
KAN,7,11,1,9.70%,5,8,1,13.20%,2,1,1,11.10%,All Clyde Edwards-Helaire red zone rushing plays,Clyde Edwards-Helaire,2023
DEN,7,21,1,9.30%,4,7,1,11.10%,0,0,0,0.00%,All Jaleel McLaughlin red zone rushing plays,Jaleel McLaughlin,2023
IND,7,28,3,7.70%,5,9,2,10.60%,4,7,2,15.40%,All Gardner Minshew red zone rushing plays,Gardner Minshew,2023
ATL,7,7,0,8.90%,5,5,0,13.90%,2,-5,0,18.20%,All Cordarrelle Patterson red zone rushing plays,Cordarrelle Patterson,2023
WAS,7,18,2,12.50%,4,1,1,15.40%,3,-1,1,20.00%,All Chris Rodriguez red zone rushing plays,Chris Rodriguez,2023
LAC,7,24,0,9.90%,2,3,0,4.40%,0,0,0,0.00%,All Isaiah Spiller red zone rushing plays,Isaiah Spiller,2023
GNB,7,13,0,8.00%,1,1,0,2.90%,1,1,0,5.90%,All Patrick Taylor red zone rushing plays,Patrick Taylor,2023
NOR,6,5,0,6.60%,2,-3,0,3.60%,0,0,0,0.00%,All Derek Carr red zone rushing plays,Derek Carr,2023
BAL,6,1,1,5.60%,3,5,1,4.80%,0,0,0,0.00%,All Melvin Gordon red zone rushing plays,Melvin Gordon,2023
BUF,6,16,1,5.60%,4,7,1,6.30%,2,0,1,6.30%,All Damien Harris red zone rushing plays,Damien Harris,2023
LVR,6,-2,1,9.40%,3,1,1,8.10%,3,1,1,20.00%,All Aidan O'Connell red zone rushing plays,Aidan O'Connell,2023
SFO,6,16,2,5.90%,3,8,2,5.40%,2,2,2,6.30%,All Brock Purdy red zone rushing plays,Brock Purdy,2023
DET,6,21,1,5.70%,5,8,1,8.20%,2,1,0,6.90%,All Craig Reynolds red zone rushing plays,Craig Reynolds,2023
LAC,6,20,1,8.50%,5,11,1,11.10%,2,0,1,8.70%,All Easton Stick red zone rushing plays,Easton Stick,2023
CAR,6,4,0,10.50%,4,0,0,13.80%,4,0,0,25.00%,All Bryce Young red zone rushing plays,Bryce Young,2023
MIA,5,18,1,5.50%,3,11,1,5.20%,1,0,0,3.70%,All Salvon Ahmed red zone rushing plays,Salvon Ahmed,2023
2TM,5,20,0,0.00%,1,-1,0,0.00%,0,0,0,0.00%,All Michael Carter red zone rushing plays,Michael Carter,2023
BUF,5,20,0,4.70%,2,3,0,3.10%,1,0,0,3.10%,All Leonard Fournette red zone rushing plays,Leonard Fournette,2023
LAR,5,9,2,6.10%,5,9,2,9.80%,3,2,2,13.60%,All Darrell Henderson red zone rushing plays,Darrell Henderson,2023
JAX,5,10,0,7.40%,3,9,0,9.10%,0,0,0,0.00%,All D'Ernest Johnson red zone rushing plays,D'Ernest Johnson,2023
BUF,5,10,0,4.70%,0,0,0,0.00%,0,0,0,0.00%,All Ty Johnson red zone rushing plays,Ty Johnson,2023
NOR,5,10,2,5.50%,5,10,2,9.10%,2,4,2,10.00%,All Tony Jones red zone rushing plays,Tony Jones,2023
CLE,5,-4,1,7.60%,2,1,1,6.50%,2,1,1,11.80%,All Pierre Strong red zone rushing plays,Pierre Strong,2023
CHI,4,6,2,5.30%,3,2,2,7.70%,3,2,2,15.00%,All Tyson Bagent red zone rushing plays,Tyson Bagent,2023
CIN,4,-13,0,5.60%,1,-4,0,2.10%,0,0,0,0.00%,All Chase Brown red zone rushing plays,Chase Brown,2023
MIN,4,6,0,7.80%,3,4,0,10.70%,2,0,0,12.50%,All Kirk Cousins red zone rushing plays,Kirk Cousins,2023
TAM,4,-4,0,6.30%,0,0,0,0.00%,0,0,0,0.00%,All Chase Edmonds red zone rushing plays,Chase Edmonds,2023
CHI,4,28,1,5.30%,2,5,0,5.10%,0,0,0,0.00%,All Darrynton Evans red zone rushing plays,Darrynton Evans,2023
CLE,4,6,0,6.10%,1,2,0,3.20%,0,0,0,0.00%,All Joe Flacco red zone rushing plays,Joe Flacco,2023
IND,4,10,0,4.40%,1,1,0,2.10%,0,0,0,0.00%,All Tyler Goodson red zone rushing plays,Tyler Goodson,2023
BAL,4,5,0,3.70%,3,0,0,4.80%,1,-1,0,3.30%,All Tyler Huntley red zone rushing plays,Tyler Huntley,2023
IND,4,13,0,4.40%,2,4,0,4.30%,1,0,0,3.80%,All Deon Jackson red zone rushing plays,Deon Jackson,2023
SFO,4,16,2,4.00%,2,11,2,3.60%,1,3,1,3.10%,All Jordan Mason red zone rushing plays,Jordan Mason,2023
PIT,4,1,1,5.60%,2,3,1,5.10%,2,3,1,12.50%,All Kenny Pickett red zone rushing plays,Kenny Pickett,2023
WAS,4,18,1,7.10%,1,1,1,3.80%,1,1,1,6.70%,All Curtis Samuel red zone rushing plays,Curtis Samuel,2023
KAN,4,-4,0,5.60%,1,0,0,2.60%,0,0,0,0.00%,All Kadarius Toney red zone rushing plays,Kadarius Toney,2023
PIT,4,9,2,5.60%,3,2,2,7.70%,3,2,2,18.80%,All Mitchell Trubisky red zone rushing plays,Mitchell Trubisky,2023
DAL,4,8,0,3.90%,1,0,0,2.00%,1,0,0,4.20%,All Deuce Vaughn red zone rushing plays,Deuce Vaughn,2023
HOU,3,1,1,3.90%,3,1,1,7.00%,3,1,1,13.00%,All Andrew Beck red zone rushing plays,Andrew Beck,2023
CLE,3,20,0,4.50%,2,9,0,6.50%,0,0,0,0.00%,All Nick Chubb red zone rushing plays,Nick Chubb,2023
DAL,3,15,0,2.90%,0,0,0,0.00%,0,0,0,0.00%,All Brandin Cooks red zone rushing plays,Brandin Cooks,2023
NYG,3,11,1,4.70%,2,12,1,9.10%,0,0,0,0.00%,All Tommy DeVito red zone rushing plays,Tommy DeVito,2023
LVR,3,11,0,4.70%,2,3,0,5.40%,1,0,0,6.70%,All Jimmy Garoppolo red zone rushing plays,Jimmy Garoppolo,2023
DAL,3,17,2,2.90%,2,3,1,4.00%,1,3,1,4.20%,All CeeDee Lamb red zone rushing plays,CeeDee Lamb,2023
TEN,3,14,1,5.70%,2,3,1,6.30%,2,3,1,11.80%,All Will Levis red zone rushing plays,Will Levis,2023
KAN,3,6,1,4.20%,1,7,1,2.60%,0,0,0,0.00%,All Jerick McKinnon red zone rushing plays,Jerick McKinnon,2023
LVR,3,22,2,4.70%,1,5,1,2.70%,0,0,0,0.00%,All Jakobi Meyers red zone rushing plays,Jakobi Meyers,2023
NOR,3,12,1,3.30%,1,3,1,1.80%,1,3,1,5.00%,All Kendre Miller red zone rushing plays,Kendre Miller,2023
BAL,3,3,0,2.80%,0,0,0,0.00%,0,0,0,0.00%,All Keaton Mitchell red zone rushing plays,Keaton Mitchell,2023
LAR,3,9,0,3.70%,0,0,0,0.00%,0,0,0,0.00%,All Puka Nacua red zone rushing plays,Puka Nacua,2023
PIT,3,8,0,4.20%,2,6,0,5.10%,0,0,0,0.00%,All Mason Rudolph red zone rushing plays,Mason Rudolph,2023
CAR,3,18,0,5.30%,1,7,0,3.40%,0,0,0,0.00%,All Laviska Shenault red zone rushing plays,Laviska Shenault,2023
LAR,3,4,0,3.70%,2,2,0,3.90%,1,0,0,4.50%,All Matthew Stafford red zone rushing plays,Matthew Stafford,2023
NYG,3,15,0,4.70%,0,0,0,0.00%,0,0,0,0.00%,All Tyrod Taylor red zone rushing plays,Tyrod Taylor,2023
TAM,3,21,0,4.80%,0,0,0,0.00%,0,0,0,0.00%,All Deven Thompkins red zone rushing plays,Deven Thompkins,2023
CLE,3,27,1,4.50%,0,0,0,0.00%,0,0,0,0.00%,All Deshaun Watson red zone rushing plays,Deshaun Watson,2023
LAR,3,19,1,3.70%,1,4,0,2.00%,0,0,0,0.00%,All Carson Wentz red zone rushing plays,Carson Wentz,2023
JAX,2,-2,0,2.90%,0,0,0,0.00%,0,0,0,0.00%,All Jamal Agnew red zone rushing plays,Jamal Agnew,2023
BUF,2,-2,0,1.90%,0,0,0,0.00%,0,0,0,0.00%,All Kyle Allen red zone rushing plays,Kyle Allen,2023
CAR,2,2,0,3.50%,0,0,0,0.00%,0,0,0,0.00%,All Raheem Blackshear red zone rushing plays,Raheem Blackshear,2023
LVR,2,6,0,3.10%,2,6,0,5.40%,0,0,0,0.00%,All Brandon Bolden red zone rushing plays,Brandon Bolden,2023
MIA,2,0,0,2.20%,2,0,0,3.40%,0,0,0,0.00%,All Chris Brooks red zone rushing plays,Chris Brooks,2023
CIN,2,4,0,2.80%,0,0,0,0.00%,0,0,0,0.00%,All Joe Burrow red zone rushing plays,Joe Burrow,2023
HOU,2,6,0,2.60%,0,0,0,0.00%,0,0,0,0.00%,All Tank Dell red zone rushing plays,Tank Dell,2023
ARI,2,10,1,3.40%,1,-1,0,3.00%,1,-1,0,5.60%,All Emari Demercado red zone rushing plays,Emari Demercado,2023
MIA,2,11,0,2.20%,1,-1,0,1.70%,1,-1,0,3.70%,All Erik Ezukanma red zone rushing plays,Erik Ezukanma,2023
BAL,2,9,0,1.90%,1,6,0,1.60%,0,0,0,0.00%,All Zay Flowers red zone rushing plays,Zay Flowers,2023
NYJ,2,23,1,5.40%,1,9,1,6.70%,0,0,0,0.00%,All Xavier Gipson red zone rushing plays,Xavier Gipson,2023
NYG,2,4,0,3.10%,0,0,0,0.00%,0,0,0,0.00%,All Eric Gray red zone rushing plays,Eric Gray,2023
NWE,2,20,1,4.80%,0,0,0,0.00%,0,0,0,0.00%,All Kevin Harris red zone rushing plays,Kevin Harris,2023
TEN,2,9,0,3.80%,1,4,0,3.10%,0,0,0,0.00%,All DeAndre Hopkins red zone rushing plays,DeAndre Hopkins,2023
HOU,2,8,0,2.60%,1,3,0,2.30%,1,3,0,4.30%,All Xavier Hutchinson red zone rushing plays,Xavier Hutchinson,2023
ARI,2,7,0,3.40%,1,-1,0,3.00%,0,0,0,0.00%,All Keaontay Ingram red zone rushing plays,Keaontay Ingram,2023
SFO,2,3,0,2.00%,2,3,0,3.60%,1,0,0,3.10%,All Kyle Juszczyk red zone rushing plays,Kyle Juszczyk,2023
DAL,2,4,1,1.90%,2,4,1,4.00%,2,4,1,8.30%,All Hunter Luepke red zone rushing plays,Hunter Luepke,2023
MIN,2,3,0,3.90%,1,1,0,3.60%,0,0,0,0.00%,All Nick Mullens red zone rushing plays,Nick Mullens,2023
HOU,2,3,0,2.60%,0,0,0,0.00%,0,0,0,0.00%,All Dare Ogunbowale red zone rushing plays,Dare Ogunbowale,2023
KAN,2,0,0,2.80%,2,0,0,5.30%,2,0,0,11.10%,All La'Mical Perine red zone rushing plays,La'Mical Perine,2023
GNB,2,15,1,2.30%,0,0,0,0.00%,0,0,0,0.00%,All Jayden Reed red zone rushing plays,Jayden Reed,2023
PHI,2,-6,0,1.90%,1,-7,0,1.50%,1,-7,0,3.30%,All Boston Scott red zone rushing plays,Boston Scott,2023
TEN,2,11,1,3.80%,0,0,0,0.00%,0,0,0,0.00%,All Ryan Tannehill red zone rushing plays,Ryan Tannehill,2023
CLE,2,3,0,3.00%,1,3,0,3.20%,0,0,0,0.00%,All Dorian Thompson-Robinson red zone rushing plays,Dorian Thompson-Robinson,2023
DAL,2,13,1,1.90%,1,7,1,2.00%,0,0,0,0.00%,All KaVontae Turpin red zone rushing plays,KaVontae Turpin,2023
NYJ,2,8,0,5.40%,1,6,0,6.70%,0,0,0,0.00%,All Zach Wilson red zone rushing plays,Zach Wilson,2023
NOR,2,-3,0,2.20%,0,0,0,0.00%,0,0,0,0.00%,All Jameis Winston red zone rushing plays,Jameis Winston,2023
MIN,1,2,0,2.00%,0,0,0,0.00%,0,0,0,0.00%,All Jordan Addison red zone rushing plays,Jordan Addison,2023
LAC,1,4,0,1.40%,1,4,0,2.20%,0,0,0,0.00%,All Keenan Allen red zone rushing plays,Keenan Allen,2023
BAL,1,0,0,0.90%,0,0,0,0.00%,0,0,0,0.00%,All Mark Andrews red zone rushing plays,Mark Andrews,2023
LAR,1,0,0,1.20%,0,0,0,0.00%,0,0,0,0.00%,All Tutu Atwell red zone rushing plays,Tutu Atwell,2023
PIT,1,7,1,1.40%,1,7,1,2.60%,0,0,0,0.00%,All Calvin Austin red zone rushing plays,Calvin Austin,2023
NYJ,1,1,1,2.70%,1,1,1,6.70%,1,1,1,50.00%,All Nick Bawden red zone rushing plays,Nick Bawden,2023
SEA,1,3,1,1.40%,1,3,1,2.70%,1,3,1,5.90%,All Jake Bobo red zone rushing plays,Jake Bobo,2023
HOU,1,0,0,1.30%,0,0,0,0.00%,0,0,0,0.00%,All Mike Boone red zone rushing plays,Mike Boone,2023
NYJ,1,2,0,2.70%,0,0,0,0.00%,0,0,0,0.00%,All Tim Boyle red zone rushing plays,Tim Boyle,2023
WAS,1,0,0,1.80%,1,0,0,3.80%,1,0,0,6.70%,All Jacoby Brissett red zone rushing plays,Jacoby Brissett,2023
HOU,1,-1,0,1.30%,0,0,0,0.00%,0,0,0,0.00%,All Noah Brown red zone rushing plays,Noah Brown,2023
TEN,1,-3,0,1.90%,0,0,0,0.00%,0,0,0,0.00%,All Treylon Burks red zone rushing plays,Treylon Burks,2023
LVR,1,3,0,1.60%,0,0,0,0.00%,0,0,0,0.00%,All DeAndre Carter red zone rushing plays,DeAndre Carter,2023
NYG,1,1,0,1.60%,1,1,0,4.50%,0,0,0,0.00%,All Jashaun Corbin red zone rushing plays,Jashaun Corbin,2023
SFO,1,1,1,1.00%,1,1,1,1.80%,1,1,1,3.10%,All Sam Darnold red zone rushing plays,Sam Darnold,2023
LAC,1,1,0,1.40%,0,0,0,0.00%,0,0,0,0.00%,All Derius Davis red zone rushing plays,Derius Davis,2023
BUF,1,5,0,0.90%,1,5,0,1.60%,0,0,0,0.00%,All Stefon Diggs red zone rushing plays,Stefon Diggs,2023
BAL,1,4,1,0.90%,1,4,1,1.60%,1,4,1,3.30%,All J.K. Dobbins red zone rushing plays,J.K. Dobbins,2023
LAC,1,1,0,1.40%,0,0,0,0.00%,0,0,0,0.00%,All Elijah Dotson red zone rushing plays,Elijah Dotson,2023
BAL,1,0,0,0.90%,0,0,0,0.00%,0,0,0,0.00%,All Devin Duvernay red zone rushing plays,Devin Duvernay,2023
TAM,1,19,1,1.60%,0,0,0,0.00%,0,0,0,0.00%,All Chris Godwin red zone rushing plays,Chris Godwin,2023
PHI,1,1,0,1.00%,0,0,0,0.00%,0,0,0,0.00%,All Dallas Goedert red zone rushing plays,Dallas Goedert,2023
WAS,1,0,0,1.80%,1,0,0,3.80%,0,0,0,0.00%,All Derrick Gore red zone rushing plays,Derrick Gore,2023
KAN,1,1,0,1.40%,1,1,0,2.60%,0,0,0,0.00%,All Noah Gray red zone rushing plays,Noah Gray,2023
MIN,1,3,0,2.00%,1,3,0,3.60%,1,3,0,6.30%,All Jaren Hall red zone rushing plays,Jaren Hall,2023
BUF,1,-3,0,0.90%,1,-3,0,1.60%,0,0,0,0.00%,All Deonte Harty red zone rushing plays,Deonte Harty,2023
ATL,1,11,0,1.30%,0,0,0,0.00%,0,0,0,0.00%,All Taylor Heinicke red zone rushing plays,Taylor Heinicke,2023
DAL,1,0,0,1.00%,1,0,0,2.00%,1,0,0,4.20%,All Peyton Hendershot red zone rushing plays,Peyton Hendershot,2023
MIA,1,-10,0,1.10%,0,0,0,0.00%,0,0,0,0.00%,All Tyreek Hill red zone rushing plays,Tyreek Hill,2023
ATL,1,0,0,1.30%,1,0,0,2.80%,0,0,0,0.00%,All KhaDarel Hodge red zone rushing plays,KhaDarel Hodge,2023
MIN,1,-12,0,2.00%,1,-12,0,3.60%,0,0,0,0.00%,All Justin Jefferson red zone rushing plays,Justin Jefferson,2023
HOU,1,1,0,1.30%,1,1,0,2.30%,1,1,0,4.30%,All Case Keenum red zone rushing plays,Case Keenum,2023
CHI,1,1,0,1.30%,1,1,0,2.60%,0,0,0,0.00%,All Cole Kmet red zone rushing plays,Cole Kmet,2023
LAR,1,-3,0,1.20%,0,0,0,0.00%,0,0,0,0.00%,All Cooper Kupp red zone rushing plays,Cooper Kupp,2023
HOU,1,4,0,1.30%,0,0,0,0.00%,0,0,0,0.00%,All John Metchie red zone rushing plays,John Metchie,2023
HOU,1,9,0,1.30%,1,9,0,2.30%,0,0,0,0.00%,All Davis Mills red zone rushing plays,Davis Mills,2023
DEN,1,8,0,1.30%,0,0,0,0.00%,0,0,0,0.00%,All Marvin Mims red zone rushing plays,Marvin Mims,2023
CHI,1,3,0,1.30%,0,0,0,0.00%,0,0,0,0.00%,All Darnell Mooney red zone rushing plays,Darnell Mooney,2023
CHI,1,16,1,1.30%,0,0,0,0.00%,0,0,0,0.00%,All D.J. Moore red zone rushing plays,D.J. Moore,2023
CLE,1,-20,0,1.50%,0,0,0,0.00%,0,0,0,0.00%,All Elijah Moore red zone rushing plays,Elijah Moore,2023
ARI,1,-1,0,1.70%,0,0,0,0.00%,0,0,0,0.00%,All Rondale Moore red zone rushing plays,Rondale Moore,2023
DET,1,-2,0,0.90%,0,0,0,0.00%,0,0,0,0.00%,All Kalif Raymond red zone rushing plays,Kalif Raymond,2023
JAX,1,3,0,1.50%,0,0,0,0.00%,0,0,0,0.00%,All Calvin Ridley red zone rushing plays,Calvin Ridley,2023
NYG,1,7,0,1.60%,0,0,0,0.00%,0,0,0,0.00%,All Wan'Dale Robinson red zone rushing plays,Wan'Dale Robinson,2023
IND,1,2,0,1.10%,0,0,0,0.00%,0,0,0,0.00%,All Trey Sermon red zone rushing plays,Trey Sermon,2023
BUF,1,10,0,0.90%,0,0,0,0.00%,0,0,0,0.00%,All Khalil Shakir red zone rushing plays,Khalil Shakir,2023
NYG,1,6,0,1.60%,1,6,0,4.50%,0,0,0,0.00%,All Sterling Shepard red zone rushing plays,Sterling Shepard,2023
CAR,1,9,0,1.80%,0,0,0,0.00%,0,0,0,0.00%,All Ihmir Smith-Marsette red zone rushing plays,Ihmir Smith-Marsette,2023
ATL,1,0,0,1.30%,1,0,0,2.80%,1,0,0,9.10%,All Jonnu Smith red zone rushing plays,Jonnu Smith,2023
DEN,1,0,0,1.30%,1,0,0,2.80%,1,0,0,6.30%,All Jarrett Stidham red zone rushing plays,Jarrett Stidham,2023
DET,1,3,0,0.90%,0,0,0,0.00%,0,0,0,0.00%,All Amon-Ra St. Brown red zone rushing plays,Amon-Ra St. Brown,2023
CAR,1,6,0,1.80%,0,0,0,0.00%,0,0,0,0.00%,All Adam Thielen red zone rushing plays,Adam Thielen,2023
LVR,1,4,0,1.60%,0,0,0,0.00%,0,0,0,0.00%,All Tre Tucker red zone rushing plays,Tre Tucker,2023
ARI,1,1,1,1.70%,1,1,1,3.00%,1,1,1,5.60%,All Clayton Tune red zone rushing plays,Clayton Tune,2023
TAM,1,-2,0,1.60%,1,-2,0,4.00%,1,-2,0,8.30%,All Ke'Shawn Vaughn red zone rushing plays,Ke'Shawn Vaughn,2023
DET,1,19,1,0.90%,0,0,0,0.00%,0,0,0,0.00%,All Jameson Williams red zone rushing plays,Jameson Williams,2023
CIN,1,2,0,1.40%,1,2,0,2.10%,0,0,0,0.00%,All Trayveon Williams red zone rushing plays,Trayveon Williams,2023
GNB,1,3,0,1.10%,0,0,0,0.00%,0,0,0,0.00%,All Emanuel Wilson red zone rushing plays,Emanuel Wilson,2023
NWE,1,17,1,2.40%,0,0,0,0.00%,0,0,0,0.00%,All Bailey Zappe red zone rushing plays,Bailey Zappe,2023
LAR,65,184,14,73.90%,33,63,13,78.60%,19,31,12,82.60%,All Kyren Williams red zone rushing plays,Kyren Williams,2024
ATL,59,142,13,67.00%,34,72,12,65.40%,14,20,9,70.00%,All Bijan Robinson red zone rushing plays,Bijan Robinson,2024
IND,57,117,7,57.60%,31,44,7,55.40%,15,7,5,50.00%,All Jonathan Taylor red zone rushing plays,Jonathan Taylor,2024
GNB,56,141,14,57.70%,40,88,14,69.00%,19,22,11,73.10%,All Josh Jacobs red zone rushing plays,Josh Jacobs,2024
HOU,56,125,9,66.70%,29,47,8,74.40%,12,8,6,80.00%,All Joe Mixon red zone rushing plays,Joe Mixon,2024
PHI,55,202,6,42.30%,28,50,4,42.40%,13,18,4,37.10%,All Saquon Barkley red zone rushing plays,Saquon Barkley,2024
BAL,55,158,13,64.70%,32,57,13,72.70%,18,21,9,94.70%,All Derrick Henry red zone rushing plays,Derrick Henry,2024
DET,50,158,12,44.20%,26,53,10,40.00%,15,16,8,42.90%,All Jahmyr Gibbs red zone rushing plays,Jahmyr Gibbs,2024
PIT,50,133,5,53.20%,26,42,5,49.10%,7,6,3,41.20%,All Najee Harris red zone rushing plays,Najee Harris,2024
PHI,49,127,14,37.70%,28,45,13,42.40%,18,12,11,51.40%,All Jalen Hurts red zone rushing plays,Jalen Hurts,2024
DET,49,161,12,43.40%,33,76,11,50.80%,17,25,8,48.60%,All David Montgomery red zone rushing plays,David Montgomery,2024
BUF,48,142,12,43.60%,29,66,11,48.30%,13,12,6,48.10%,All James Cook red zone rushing plays,James Cook,2024
CIN,44,82,6,62.90%,28,45,6,63.60%,12,6,5,57.10%,All Chase Brown red zone rushing plays,Chase Brown,2024
ARI,44,138,8,62.00%,21,48,8,72.40%,11,8,5,64.70%,All James Conner red zone rushing plays,James Conner,2024
KAN,42,91,7,50.60%,24,36,7,60.00%,14,19,5,56.00%,All Kareem Hunt red zone rushing plays,Kareem Hunt,2024
MIN,42,74,4,62.70%,24,8,3,66.70%,12,-4,3,70.60%,All Aaron Jones red zone rushing plays,Aaron Jones,2024
CAR,41,94,8,63.10%,27,34,7,65.90%,17,16,7,77.30%,All Chuba Hubbard red zone rushing plays,Chuba Hubbard,2024
WAS,41,119,7,33.30%,24,43,7,35.30%,11,7,4,36.70%,All Brian Robinson red zone rushing plays,Brian Robinson,2024
NWE,40,97,6,60.60%,18,31,5,62.10%,11,15,5,64.70%,All Rhamondre Stevenson red zone rushing plays,Rhamondre Stevenson,2024
MIA,38,51,5,55.10%,23,13,4,59.00%,12,-1,3,66.70%,All De'Von Achane red zone rushing plays,De'Von Achane,2024
WAS,37,107,6,30.10%,16,30,5,23.50%,10,7,4,33.30%,All Jayden Daniels red zone rushing plays,Jayden Daniels,2024
TAM,37,149,8,48.10%,22,56,6,51.20%,12,8,4,60.00%,All Bucky Irving red zone rushing plays,Bucky Irving,2024
NOR,33,94,6,53.20%,17,38,5,54.80%,7,9,3,58.30%,All Alvin Kamara red zone rushing plays,Alvin Kamara,2024
JAX,32,113,6,47.80%,21,40,5,52.50%,11,11,4,50.00%,All Tank Bigsby red zone rushing plays,Tank Bigsby,2024
SFO,32,93,3,33.30%,19,25,3,33.90%,7,-1,1,29.20%,All Jordan Mason red zone rushing plays,Jordan Mason,2024
TEN,32,96,3,54.20%,14,40,3,56.00%,5,8,2,50.00%,All Tony Pollard red zone rushing plays,Tony Pollard,2024
BUF,31,102,11,28.20%,18,45,10,30.00%,10,8,7,37.00%,All Josh Allen red zone rushing plays,Josh Allen,2024
CHI,31,63,3,52.50%,18,24,3,54.50%,8,-4,3,38.10%,All D'Andre Swift red zone rushing plays,D'Andre Swift,2024
LAC,28,76,7,38.40%,17,30,5,37.00%,8,11,4,36.40%,All J.K. Dobbins red zone rushing plays,J.K. Dobbins,2024
DEN,26,59,4,35.60%,13,25,3,39.40%,8,1,1,38.10%,All Javonte Williams red zone rushing plays,Javonte Williams,2024
DAL,24,61,2,44.40%,10,13,2,38.50%,5,0,2,41.70%,All Rico Dowdle red zone rushing plays,Rico Dowdle,2024
ATL,23,44,3,26.10%,13,23,3,25.00%,5,2,1,25.00%,All Tyler Allgeier red zone rushing plays,Tyler Allgeier,2024
SEA,22,45,6,40.70%,17,36,6,48.60%,11,8,4,44.00%,All Zach Charbonnet red zone rushing plays,Zach Charbonnet,2024
LVR,22,35,4,37.30%,14,8,4,41.20%,10,0,4,50.00%,All Alexander Mattison red zone rushing plays,Alexander Mattison,2024
JAX,21,47,2,31.30%,10,11,2,25.00%,5,4,2,22.70%,All Travis Etienne red zone rushing plays,Travis Etienne,2024
NYG,21,51,3,37.50%,10,23,3,30.30%,4,2,3,25.00%,All Tyrone Tracy red zone rushing plays,Tyrone Tracy,2024
SEA,21,23,4,38.90%,15,19,4,42.90%,11,9,4,44.00%,All Kenneth Walker red zone rushing plays,Kenneth Walker,2024
LAC,20,59,4,27.40%,12,35,4,26.10%,5,7,3,22.70%,All Gus Edwards red zone rushing plays,Gus Edwards,2024
WAS,20,80,3,16.30%,11,28,3,16.20%,5,6,3,16.70%,All Austin Ekeler red zone rushing plays,Austin Ekeler,2024
PHI,20,78,1,15.40%,8,15,0,12.10%,2,1,0,5.70%,All Kenneth Gainwell red zone rushing plays,Kenneth Gainwell,2024
TAM,20,49,3,26.00%,13,21,3,30.20%,4,-2,2,20.00%,All Rachaad White red zone rushing plays,Rachaad White,2024
NYJ,19,57,5,52.80%,10,14,3,62.50%,8,8,3,80.00%,All Breece Hall red zone rushing plays,Breece Hall,2024
IND,19,81,5,19.20%,14,35,5,25.00%,8,15,4,26.70%,All Anthony Richardson red zone rushing plays,Anthony Richardson,2024
BUF,18,88,3,16.40%,7,23,2,11.70%,2,4,1,7.40%,All Ray Davis red zone rushing plays,Ray Davis,2024
BAL,18,73,3,21.20%,8,49,3,18.20%,0,0,0,0.00%,All Lamar Jackson red zone rushing plays,Lamar Jackson,2024
DEN,17,30,4,23.30%,6,13,4,18.20%,5,12,4,23.80%,All Bo Nix red zone rushing plays,Bo Nix,2024
PIT,17,41,1,18.10%,6,13,1,11.30%,3,2,1,17.60%,All Jaylen Warren red zone rushing plays,Jaylen Warren,2024
CLE,16,33,3,33.30%,10,23,3,31.30%,5,5,3,35.70%,All Nick Chubb red zone rushing plays,Nick Chubb,2024
CIN,16,43,2,22.90%,11,13,2,25.00%,6,1,1,28.60%,All Zack Moss red zone rushing plays,Zack Moss,2024
PIT,15,44,5,16.00%,11,20,5,20.80%,4,3,2,23.50%,All Justin Fields red zone rushing plays,Justin Fields,2024
DEN,15,40,1,20.50%,6,13,1,18.20%,3,2,1,14.30%,All Jaleel McLaughlin red zone rushing plays,Jaleel McLaughlin,2024
SFO,15,51,5,15.60%,10,34,5,17.90%,4,3,3,16.70%,All Brock Purdy red zone rushing plays,Brock Purdy,2024
NWE,14,38,1,21.20%,5,1,0,17.20%,3,-2,0,17.60%,All Antonio Gibson red zone rushing plays,Antonio Gibson,2024
SFO,14,49,4,14.60%,10,16,3,17.90%,4,9,3,16.70%,All Isaac Guerendo red zone rushing plays,Isaac Guerendo,2024
CHI,14,27,6,23.70%,10,10,6,30.30%,8,9,6,38.10%,All Roschon Johnson red zone rushing plays,Roschon Johnson,2024
MIA,14,20,2,20.30%,10,2,2,25.60%,4,-2,1,22.20%,All Raheem Mostert red zone rushing plays,Raheem Mostert,2024
LVR,13,51,2,22.00%,8,18,2,23.50%,4,3,1,20.00%,All Ameer Abdullah red zone rushing plays,Ameer Abdullah,2024
2TM,13,25,2,0.00%,4,3,1,0.00%,2,1,1,0.00%,All Cam Akers red zone rushing plays,Cam Akers,2024
LAC,13,21,2,17.80%,11,16,2,23.90%,8,6,2,36.40%,All Hassan Haskins red zone rushing plays,Hassan Haskins,2024
NYG,13,47,2,23.20%,7,3,2,21.20%,6,2,2,37.50%,All Daniel Jones red zone rushing plays,Daniel Jones,2024
GNB,13,26,3,13.40%,8,19,3,13.80%,4,2,2,15.40%,All Emanuel Wilson red zone rushing plays,Emanuel Wilson,2024
DAL,12,10,3,22.20%,8,8,3,30.80%,3,5,3,25.00%,All Ezekiel Elliott red zone rushing plays,Ezekiel Elliott,2024
CLE,12,16,0,25.00%,9,11,0,28.10%,5,3,0,35.70%,All D'Onta Foreman red zone rushing plays,D'Onta Foreman,2024
WAS,12,38,3,9.80%,7,28,3,10.30%,2,4,2,6.70%,All Jeremy McNichols red zone rushing plays,Jeremy McNichols,2024
ARI,12,56,2,16.90%,2,7,1,6.90%,1,1,1,5.90%,All Kyler Murray red zone rushing plays,Kyler Murray,2024
IND,12,14,2,12.10%,7,4,2,12.50%,6,0,2,20.00%,All Trey Sermon red zone rushing plays,Trey Sermon,2024
SFO,12,46,1,12.50%,5,11,1,8.90%,3,5,1,12.50%,All Patrick Taylor red zone rushing plays,Patrick Taylor,2024
DEN,11,33,2,15.10%,4,12,2,12.10%,2,4,2,9.50%,All Audric Estime red zone rushing plays,Audric Estime,2024
GNB,11,28,1,11.30%,4,12,1,6.90%,1,1,1,3.80%,All Jordan Love red zone rushing plays,Jordan Love,2024
WAS,11,40,2,8.90%,8,27,2,11.80%,2,3,1,6.70%,All Chris Rodriguez red zone rushing plays,Chris Rodriguez,2024
NYG,11,31,4,19.60%,9,26,4,27.30%,4,7,3,25.00%,All Devin Singletary red zone rushing plays,Devin Singletary,2024
TEN,11,33,4,18.60%,6,11,3,24.00%,4,4,2,40.00%,All Tyjae Spears red zone rushing plays,Tyjae Spears,2024
NYJ,10,25,1,27.80%,5,10,1,31.30%,2,3,1,20.00%,All Braelon Allen red zone rushing plays,Braelon Allen,2024
CLE,10,25,2,20.80%,7,17,2,21.90%,2,6,2,14.30%,All Jerome Ford red zone rushing plays,Jerome Ford,2024
SFO,10,18,1,10.40%,5,7,1,8.90%,2,-7,1,8.30%,All Deebo Samuel red zone rushing plays,Deebo Samuel,2024
KAN,10,30,0,12.00%,6,14,0,15.00%,4,3,0,16.00%,All Carson Steele red zone rushing plays,Carson Steele,2024
CHI,10,36,0,16.90%,1,0,0,3.00%,1,0,0,4.80%,All Caleb Williams red zone rushing plays,Caleb Williams,2024
PIT,10,16,2,10.60%,8,7,2,15.10%,2,2,2,11.80%,All Russell Wilson red zone rushing plays,Russell Wilson,2024
CAR,10,57,5,15.40%,7,44,5,17.10%,2,5,2,9.10%,All Bryce Young red zone rushing plays,Bryce Young,2024
GNB,9,33,1,9.30%,2,2,1,3.40%,1,1,1,3.80%,All Chris Brooks red zone rushing plays,Chris Brooks,2024
DET,9,7,0,8.00%,2,1,0,3.10%,1,0,0,2.90%,All Jared Goff red zone rushing plays,Jared Goff,2024
NOR,9,38,4,14.50%,6,27,4,19.40%,1,2,1,8.30%,All Taysom Hill red zone rushing plays,Taysom Hill,2024
KAN,9,20,2,10.80%,2,2,1,5.00%,1,1,1,4.00%,All Patrick Mahomes red zone rushing plays,Patrick Mahomes,2024
NOR,9,33,1,14.50%,4,7,0,12.90%,1,-2,0,8.30%,All Jamaal Williams red zone rushing plays,Jamaal Williams,2024
LAR,8,23,0,9.10%,6,10,0,14.30%,2,3,0,8.70%,All Blake Corum red zone rushing plays,Blake Corum,2024
TAM,8,25,3,10.40%,5,13,2,11.60%,2,1,1,10.00%,All Baker Mayfield red zone rushing plays,Baker Mayfield,2024
KAN,8,21,1,9.60%,5,7,1,12.50%,3,1,1,12.00%,All Isiah Pacheco red zone rushing plays,Isiah Pacheco,2024
SEA,8,26,1,14.80%,3,-6,0,8.60%,3,-6,0,12.00%,All Geno Smith red zone rushing plays,Geno Smith,2024
ARI,7,13,1,9.90%,3,4,1,10.30%,3,4,1,17.60%,All Michael Carter red zone rushing plays,Michael Carter,2024
MIN,7,3,1,10.40%,4,-6,1,11.10%,2,1,1,11.80%,All Sam Darnold red zone rushing plays,Sam Darnold,2024
2TM,7,12,1,0.00%,5,7,1,0.00%,4,5,1,0.00%,All Khalil Herbert red zone rushing plays,Khalil Herbert,2024
JAX,7,27,0,10.40%,3,10,0,7.50%,1,0,0,4.50%,All D'Ernest Johnson red zone rushing plays,D'Ernest Johnson,2024
BUF,7,12,1,6.40%,3,7,1,5.00%,2,2,1,7.40%,All Ty Johnson red zone rushing plays,Ty Johnson,2024
TEN,7,13,0,11.90%,2,5,0,8.00%,0,0,0,0.00%,All Will Levis red zone rushing plays,Will Levis,2024
CAR,7,20,2,10.80%,3,3,2,7.30%,2,2,2,9.10%,All Miles Sanders red zone rushing plays,Miles Sanders,2024
HOU,7,13,0,8.30%,3,-7,0,7.70%,2,3,0,13.30%,All C.J. Stroud red zone rushing plays,C.J. Stroud,2024
LVR,7,16,1,11.90%,6,10,1,17.60%,2,2,1,10.00%,All Zamir White red zone rushing plays,Zamir White,2024
CIN,6,14,1,8.60%,3,2,1,6.80%,3,2,1,14.30%,All Joe Burrow red zone rushing plays,Joe Burrow,2024
IND,6,12,1,6.10%,4,10,1,7.10%,1,2,0,3.30%,All Tyler Goodson red zone rushing plays,Tyler Goodson,2024
LAC,6,24,2,8.20%,4,16,2,8.70%,1,4,1,4.50%,All Justin Herbert red zone rushing plays,Justin Herbert,2024
SFO,6,15,0,6.30%,1,1,0,1.80%,1,1,0,4.20%,All Christian McCaffrey red zone rushing plays,Christian McCaffrey,2024
LAR,6,10,0,6.80%,1,2,0,2.40%,1,2,0,4.30%,All Matthew Stafford red zone rushing plays,Matthew Stafford,2024
KAN,6,29,1,7.20%,1,3,1,2.50%,1,3,1,4.00%,All Xavier Worthy red zone rushing plays,Xavier Worthy,2024
MIN,5,11,0,7.50%,2,0,0,5.60%,0,0,0,0.00%,All Ty Chandler red zone rushing plays,Ty Chandler,2024
NYG,5,7,0,8.90%,3,2,0,9.10%,2,0,0,12.50%,All Eric Gray red zone rushing plays,Eric Gray,2024
BAL,5,9,0,5.90%,3,9,0,6.80%,1,1,0,5.30%,All Justice Hill red zone rushing plays,Justice Hill,2024
NWE,5,34,2,7.60%,2,10,1,6.90%,0,0,0,0.00%,All Drake Maye red zone rushing plays,Drake Maye,2024
LVR,5,9,0,8.50%,2,2,0,5.90%,2,2,0,10.00%,All Sincere McCormick red zone rushing plays,Sincere McCormick,2024
HOU,5,3,0,6.00%,2,-2,0,5.10%,0,0,0,0.00%,All Dare Ogunbowale red zone rushing plays,Dare Ogunbowale,2024
DAL,5,3,0,9.30%,2,8,0,7.70%,0,0,0,0.00%,All Cooper Rush red zone rushing plays,Cooper Rush,2024
TAM,5,16,2,6.50%,3,5,2,7.00%,2,0,1,10.00%,All Sean Tucker red zone rushing plays,Sean Tucker,2024
CLE,5,15,1,10.40%,2,3,1,6.30%,1,1,1,7.10%,All Deshaun Watson red zone rushing plays,Deshaun Watson,2024
GNB,5,9,1,5.20%,3,3,1,5.20%,1,-1,0,3.80%,All Malik Willis red zone rushing plays,Malik Willis,2024
MIA,5,13,0,7.20%,0,0,0,0.00%,0,0,0,0.00%,All Jaylen Wright red zone rushing plays,Jaylen Wright,2024
DEN,4,3,1,5.50%,4,3,1,12.10%,3,3,1,14.30%,All Michael Burton red zone rushing plays,Michael Burton,2024
NOR,4,1,1,6.50%,3,1,1,9.70%,3,1,1,25.00%,All Derek Carr red zone rushing plays,Derek Carr,2024
TEN,4,28,0,6.80%,1,-1,0,4.00%,1,-1,0,10.00%,All Julius Chestnut red zone rushing plays,Julius Chestnut,2024
JAX,4,11,3,6.00%,4,11,3,10.00%,3,5,2,13.60%,All Trevor Lawrence red zone rushing plays,Trevor Lawrence,2024
LAR,4,25,1,4.50%,1,4,1,2.40%,1,4,1,4.30%,All Puka Nacua red zone rushing plays,Puka Nacua,2024
HOU,4,4,0,4.80%,1,-1,0,2.60%,0,0,0,0.00%,All Dameon Pierce red zone rushing plays,Dameon Pierce,2024
TEN,4,20,1,6.80%,1,1,0,4.00%,0,0,0,0.00%,All Mason Rudolph red zone rushing plays,Mason Rudolph,2024
BUF,4,1,0,3.60%,1,4,0,1.70%,0,0,0,0.00%,All Mitchell Trubisky red zone rushing plays,Mitchell Trubisky,2024
LAC,4,3,0,5.50%,1,-1,0,2.20%,0,0,0,0.00%,All Kimani Vidal red zone rushing plays,Kimani Vidal,2024
BAL,3,10,0,3.50%,0,0,0,0.00%,0,0,0,0.00%,All Rasheen Ali red zone rushing plays,Rasheen Ali,2024
ARI,3,7,1,4.20%,1,1,1,3.40%,1,1,1,5.90%,All Trey Benson red zone rushing plays,Trey Benson,2024
NWE,3,-1,0,4.50%,1,-3,0,3.40%,1,-3,0,5.90%,All Jacoby Brissett red zone rushing plays,Jacoby Brissett,2024
ATL,3,-4,0,3.40%,3,-4,0,5.80%,0,0,0,0.00%,All Kirk Cousins red zone rushing plays,Kirk Cousins,2024
SFO,3,14,2,3.10%,3,14,2,5.40%,1,1,1,4.20%,All Joshua Dobbs red zone rushing plays,Joshua Dobbs,2024
KAN,3,33,1,3.60%,0,0,0,0.00%,0,0,0,0.00%,All Mecole Hardman red zone rushing plays,Mecole Hardman,2024
MIA,3,19,2,4.30%,1,1,1,2.60%,1,1,1,5.60%,All Tyler Huntley red zone rushing plays,Tyler Huntley,2024
DET,3,9,0,2.70%,3,9,0,4.60%,1,-2,0,2.90%,All Jermar Jefferson red zone rushing plays,Jermar Jefferson,2024
SFO,3,6,1,3.10%,3,6,1,5.40%,2,0,0,8.30%,All Kyle Juszczyk red zone rushing plays,Kyle Juszczyk,2024
DAL,3,6,0,5.60%,2,2,0,7.70%,1,0,0,8.30%,All Hunter Luepke red zone rushing plays,Hunter Luepke,2024
SEA,3,4,0,5.60%,0,0,0,0.00%,0,0,0,0.00%,All Kenny McIntosh red zone rushing plays,Kenny McIntosh,2024
HOU,3,11,0,3.60%,1,9,0,2.60%,0,0,0,0.00%,All Davis Mills red zone rushing plays,Davis Mills,2024
NOR,3,0,1,4.80%,1,8,1,3.20%,0,0,0,0.00%,All Kendre Miller red zone rushing plays,Kendre Miller,2024
NWE,3,2,1,4.50%,2,1,1,6.90%,2,1,1,11.80%,All Joe Milton red zone rushing plays,Joe Milton,2024
GNB,3,1,0,3.10%,1,-5,0,1.70%,0,0,0,0.00%,All Jayden Reed red zone rushing plays,Jayden Reed,2024
LAR,3,17,0,3.40%,1,2,0,2.40%,0,0,0,0.00%,All Ronnie Rivers red zone rushing plays,Ronnie Rivers,2024
NOR,3,17,0,4.80%,0,0,0,0.00%,0,0,0,0.00%,All Rashid Shaheed red zone rushing plays,Rashid Shaheed,2024
TAM,3,10,0,3.90%,0,0,0,0.00%,0,0,0,0.00%,All Sterling Shepard red zone rushing plays,Sterling Shepard,2024
PHI,3,9,0,2.30%,0,0,0,0.00%,0,0,0,0.00%,All Will Shipley red zone rushing plays,Will Shipley,2024
TAM,3,-2,0,3.90%,0,0,0,0.00%,0,0,0,0.00%,All Kyle Trask red zone rushing plays,Kyle Trask,2024
LVR,3,21,1,5.10%,1,3,1,2.90%,1,3,1,5.00%,All Tre Tucker red zone rushing plays,Tre Tucker,2024
LVR,3,27,1,5.10%,0,0,0,0.00%,0,0,0,0.00%,All DJ Turner red zone rushing plays,DJ Turner,2024
DAL,3,16,0,5.60%,1,1,0,3.80%,0,0,0,0.00%,All Deuce Vaughn red zone rushing plays,Deuce Vaughn,2024
CLE,3,8,1,6.30%,3,8,1,9.40%,1,2,1,7.10%,All Jameis Winston red zone rushing plays,Jameis Winston,2024
CAR,2,8,0,3.10%,1,1,0,2.40%,0,0,0,0.00%,All Mike Boone red zone rushing plays,Mike Boone,2024
CAR,2,2,0,3.10%,2,2,0,4.90%,1,0,0,4.50%,All Jonathon Brooks red zone rushing plays,Jonathon Brooks,2024
NYJ,2,26,0,5.60%,0,0,0,0.00%,0,0,0,0.00%,All Malachi Corley red zone rushing plays,Malachi Corley,2024
NYJ,2,18,1,5.60%,0,0,0,0.00%,0,0,0,0.00%,All Isaiah Davis red zone rushing plays,Isaiah Davis,2024
ARI,2,10,0,2.80%,1,6,0,3.40%,0,0,0,0.00%,All Greg Dortch red zone rushing plays,Greg Dortch,2024
IND,2,3,0,2.00%,0,0,0,0.00%,0,0,0,0.00%,All Joe Flacco red zone rushing plays,Joe Flacco,2024
BAL,2,-1,0,2.40%,0,0,0,0.00%,0,0,0,0.00%,All Zay Flowers red zone rushing plays,Zay Flowers,2024
MIA,2,2,1,2.90%,1,3,1,2.60%,1,3,1,5.60%,All Alec Ingold red zone rushing plays,Alec Ingold,2024
JAX,2,1,1,3.00%,2,1,1,5.00%,2,1,1,9.10%,All Mac Jones red zone rushing plays,Mac Jones,2024
DAL,2,5,0,3.70%,1,-3,0,3.80%,1,-3,0,8.30%,All Trey Lance red zone rushing plays,Trey Lance,2024
NYG,2,13,2,3.60%,2,13,2,6.10%,0,0,0,0.00%,All Drew Lock red zone rushing plays,Drew Lock,2024
WAS,2,1,1,1.60%,2,1,1,2.90%,0,0,0,0.00%,All Marcus Mariota red zone rushing plays,Marcus Mariota,2024
LVR,2,10,0,3.40%,1,4,0,2.90%,0,0,0,0.00%,All Gardner Minshew red zone rushing plays,Gardner Minshew,2024
IND,2,6,0,2.00%,0,0,0,0.00%,0,0,0,0.00%,All Adonai Mitchell red zone rushing plays,Adonai Mitchell,2024
MIN,2,-7,0,3.00%,1,0,0,2.80%,1,0,0,5.90%,All Jalen Nailor red zone rushing plays,Jalen Nailor,2024
LVR,2,2,1,3.40%,1,1,1,2.90%,1,1,1,5.00%,All Aidan O'Connell red zone rushing plays,Aidan O'Connell,2024
ATL,2,5,1,2.30%,2,5,1,3.80%,1,0,0,5.00%,All Michael Penix red zone rushing plays,Michael Penix,2024
KAN,2,5,1,2.40%,1,2,1,2.50%,1,2,1,4.00%,All Samaje Perine red zone rushing plays,Samaje Perine,2024
PHI,2,1,1,1.50%,2,1,1,3.00%,2,1,1,5.70%,All Kenny Pickett red zone rushing plays,Kenny Pickett,2024
DAL,2,4,1,3.70%,2,4,1,7.70%,2,4,1,16.70%,All Dak Prescott red zone rushing plays,Dak Prescott,2024
NYJ,2,3,0,5.60%,0,0,0,0.00%,0,0,0,0.00%,All Aaron Rodgers red zone rushing plays,Aaron Rodgers,2024
NYG,2,17,0,3.60%,1,6,0,3.00%,0,0,0,0.00%,All Darius Slayton red zone rushing plays,Darius Slayton,2024
MIA,2,9,0,2.90%,0,0,0,0.00%,0,0,0,0.00%,All Tua Tagovailoa red zone rushing plays,Tua Tagovailoa,2024
HOU,2,11,0,2.40%,1,4,0,2.60%,0,0,0,0.00%,All J.J. Taylor red zone rushing plays,J.J. Taylor,2024
CLE,2,14,0,4.20%,1,8,0,3.10%,0,0,0,0.00%,All Dorian Thompson-Robinson red zone rushing plays,Dorian Thompson-Robinson,2024
KAN,2,-2,0,2.40%,0,0,0,0.00%,0,0,0,0.00%,All Carson Wentz red zone rushing plays,Carson Wentz,2024
MIA,2,-3,0,2.90%,2,-3,0,5.10%,0,0,0,0.00%,All Jeff Wilson red zone rushing plays,Jeff Wilson,2024
MIN,1,7,1,1.50%,1,7,1,2.80%,0,0,0,0.00%,All Jordan Addison red zone rushing plays,Jordan Addison,2024
BAL,1,0,0,1.20%,1,0,0,2.30%,0,0,0,0.00%,All Mark Andrews red zone rushing plays,Mark Andrews,2024
LAR,1,7,0,1.10%,0,0,0,0.00%,0,0,0,0.00%,All Tutu Atwell red zone rushing plays,Tutu Atwell,2024
CAR,1,0,0,1.50%,0,0,0,0.00%,0,0,0,0.00%,All Raheem Blackshear red zone rushing plays,Raheem Blackshear,2024
DAL,1,-3,0,1.90%,0,0,0,0.00%,0,0,0,0.00%,All Brandin Cooks red zone rushing plays,Brandin Cooks,2024
ARI,1,3,0,1.40%,0,0,0,0.00%,0,0,0,0.00%,All DeeJay Dallas red zone rushing plays,DeeJay Dallas,2024
LAC,1,-1,0,1.40%,1,-1,0,2.20%,0,0,0,0.00%,All Derius Davis red zone rushing plays,Derius Davis,2024
HOU,1,4,0,1.20%,0,0,0,0.00%,0,0,0,0.00%,All Tank Dell red zone rushing plays,Tank Dell,2024
NYG,1,17,0,1.80%,0,0,0,0.00%,0,0,0,0.00%,All Tommy DeVito red zone rushing plays,Tommy DeVito,2024
HOU,1,6,1,1.20%,1,6,1,2.60%,0,0,0,0.00%,All Stefon Diggs red zone rushing plays,Stefon Diggs,2024
IND,1,12,0,1.00%,0,0,0,0.00%,0,0,0,0.00%,All Ashton Dulin red zone rushing plays,Ashton Dulin,2024
JAX,1,3,0,1.50%,0,0,0,0.00%,0,0,0,0.00%,All Devin Duvernay red zone rushing plays,Devin Duvernay,2024
MIN,1,0,0,1.50%,0,0,0,0.00%,0,0,0,0.00%,All Myles Gaskin red zone rushing plays,Myles Gaskin,2024
BUF,1,4,0,0.90%,1,4,0,1.70%,0,0,0,0.00%,All Reggie Gilliam red zone rushing plays,Reggie Gilliam,2024
MIN,1,2,1,1.50%,1,2,1,2.80%,1,2,1,5.90%,All C.J. Ham red zone rushing plays,C.J. Ham,2024
NWE,1,0,0,1.50%,1,0,0,3.40%,0,0,0,0.00%,All Terrell Jennings red zone rushing plays,Terrell Jennings,2024
BAL,1,-1,0,1.20%,0,0,0,0.00%,0,0,0,0.00%,All Josh Johnson red zone rushing plays,Josh Johnson,2024
KAN,1,1,0,1.20%,1,1,0,2.50%,1,1,0,4.00%,All Travis Kelce red zone rushing plays,Travis Kelce,2024
LAR,1,1,0,1.10%,0,0,0,0.00%,0,0,0,0.00%,All Cooper Kupp red zone rushing plays,Cooper Kupp,2024
DAL,1,3,0,1.90%,0,0,0,0.00%,0,0,0,0.00%,All CeeDee Lamb red zone rushing plays,CeeDee Lamb,2024
LVR,1,10,0,1.70%,0,0,0,0.00%,0,0,0,0.00%,All Tyreik McAllister red zone rushing plays,Tyreik McAllister,2024
ARI,1,2,1,1.40%,1,2,1,3.40%,1,2,1,5.90%,All Trey McBride red zone rushing plays,Trey McBride,2024
ATL,1,14,0,1.10%,0,0,0,0.00%,0,0,0,0.00%,All Ray-Ray McCloud red zone rushing plays,Ray-Ray McCloud,2024
TAM,1,6,0,1.30%,0,0,0,0.00%,0,0,0,0.00%,All Jalen McMillan red zone rushing plays,Jalen McMillan,2024
NOR,1,3,0,1.60%,0,0,0,0.00%,0,0,0,0.00%,All Jordan Mims red zone rushing plays,Jordan Mims,2024
CAR,1,0,0,1.50%,1,0,0,2.40%,0,0,0,0.00%,All David Moore red zone rushing plays,David Moore,2024
NYG,1,-2,0,1.80%,1,-2,0,3.00%,0,0,0,0.00%,All Malik Nabers red zone rushing plays,Malik Nabers,2024
PIT,1,-2,0,1.10%,1,-2,0,1.90%,0,0,0,0.00%,All Cordarrelle Patterson red zone rushing plays,Cordarrelle Patterson,2024
SFO,1,4,0,1.00%,0,0,0,0.00%,0,0,0,0.00%,All Ricky Pearsall red zone rushing plays,Ricky Pearsall,2024
NWE,1,0,0,1.50%,0,0,0,0.00%,0,0,0,0.00%,All Ja'Lynn Polk red zone rushing plays,Ja'Lynn Polk,2024
LAC,1,1,0,1.40%,0,0,0,0.00%,0,0,0,0.00%,All Jalen Reagor red zone rushing plays,Jalen Reagor,2024
LVR,1,3,0,1.70%,1,3,0,2.90%,0,0,0,0.00%,All Desmond Ridder red zone rushing plays,Desmond Ridder,2024
TEN,1,10,1,1.70%,1,10,1,4.00%,0,0,0,0.00%,All Calvin Ridley red zone rushing plays,Calvin Ridley,2024
CIN,1,-4,0,1.40%,1,-4,0,2.30%,0,0,0,0.00%,All Drew Sample red zone rushing plays,Drew Sample,2024
BUF,1,0,0,0.90%,1,0,0,1.70%,0,0,0,0.00%,All Curtis Samuel red zone rushing plays,Curtis Samuel,2024
PIT,1,-2,0,1.10%,1,-2,0,1.90%,1,-2,0,5.90%,All Aaron Shampklin red zone rushing plays,Aaron Shampklin,2024
PHI,1,1,0,0.80%,0,0,0,0.00%,0,0,0,0.00%,All DeVonta Smith red zone rushing plays,DeVonta Smith,2024
MIA,1,0,0,1.40%,1,0,0,2.60%,0,0,0,0.00%,All Jonnu Smith red zone rushing plays,Jonnu Smith,2024
DET,1,10,0,0.90%,0,0,0,0.00%,0,0,0,0.00%,All Amon-Ra St. Brown red zone rushing plays,Amon-Ra St. Brown,2024
NYJ,1,7,0,2.80%,1,7,0,6.30%,0,0,0,0.00%,All Tyrod Taylor red zone rushing plays,Tyrod Taylor,2024
CAR,1,9,0,1.50%,0,0,0,0.00%,0,0,0,0.00%,All Deven Thompkins red zone rushing plays,Deven Thompkins,2024
ARI,1,-6,0,1.40%,0,0,0,0.00%,0,0,0,0.00%,All Clayton Tune red zone rushing plays,Clayton Tune,2024
DAL,1,0,0,1.90%,0,0,0,0.00%,0,0,0,0.00%,All KaVontae Turpin red zone rushing plays,KaVontae Turpin,2024
MIA,1,3,0,1.40%,1,3,0,2.60%,0,0,0,0.00%,All Jaylen Waddle red zone rushing plays,Jaylen Waddle,2024
MIA,1,18,1,1.40%,0,0,0,0.00%,0,0,0,0.00%,All Malik Washington red zone rushing plays,Malik Washington,2024
DET,1,3,1,0.90%,1,3,1,1.50%,1,3,1,2.90%,All Jameson Williams red zone rushing plays,Jameson Williams,2024
,,,,,,,,,,,,,,,
,,,,,,,,,,,,,,,
,,,,,,,,,,,,,,,
,,,,,,,,,,,,,,,
,,,,,,,,,,,,,,,
,,,,,,,,,,,,,,,
,,,,,,,,,,,,,,,
,,,,,,,,,,,,,,,
,,,,,,,,,,,,,,,
,,,,,,,,,,,,,,,
,,,,,,,,,,,,,,,
,,,,,,,,,,,,,,,
,,,,,,,,,,,,,,,
,,,,,,,,,,,,,,,
,,,,,,,,,,,,,,,
,,,,,,,,,,,,,,,
,,,,,,,,,,,,,,,
,,,,,,,,,,,,,,,
,,,,,,,,,,,,,,,
,,,,,,,,,,,,,,,
,,,,,,,,,,,,,,,
,,,,,,,,,,,,,,,
,,,,,,,,,,,,,,,
,,,,,,,,,,,,,,,
,,,,,,,,,,,,,,,
,,,,,,,,,,,,,,,
,,,,,,,,,,,,,,,
,,,,,,,,,,,,,,,
,,,,,,,,,,,,,,,
,,,,,,,,,,,,,,,
,,,,,,,,,,,,,,,
,,,,,,,,,,,,,,,
,,,,,,,,,,,,,,,
,,,,,,,,,,,,,,,
,,,,,,,,,,,,,,,
,,,,,,,,,,,,,,,
,,,,,,,,,,,,,,,
,,,,,,,,,,,,,,,
,,,,,,,,,,,,,,,
,,,,,,,,,,,,,,,
,,,,,,,,,,,,,,,
,,,,,,,,,,,,,,,
,,,,,,,,,,,,,,,
,,,,,,,,,,,,,,,
,,,,,,,,,,,,,,,
,,,,,,,,,,,,,,,
,,,,,,,,,,,,,,,
,,,,,,,,,,,,,,,
,,,,,,,,,,,,,,,
,,,,,,,,,,,,,,,
,,,,,,,,,,,,,,,
,,,,,,,,,,,,,,,
,,,,,,,,,,,,,,,
,,,,,,,,,,,,,,,
,,,,,,,,,,,,,,,
,,,,,,,,,,,,,,,
,,,,,,,,,,,,,,,
,,,,,,,,,,,,,,,
,,,,,,,,,,,,,,,
,,,,,,,,,,,,,,,
,,,,,,,,,,,,,,,
,,,,,,,,,,,,,,,
,,,,,,,,,,,,,,,
,,,,,,,,,,,,,,,
,,,,,,,,,,,,,,,
,,,,,,,,,,,,,,,
,,,,,,,,,,,,,,,
,,,,,,,,,,,,,,,
,,,,,,,,,,,,,,,
,,,,,,,,,,,,,,,
,,,,,,,,,,,,,,,
,,,,,,,,,,,,,,,
,,,,,,,,,,,,,,,
,,,,,,,,,,,,,,,
,,,,,,,,,,,,,,,
,,,,,,,,,,,,,,,
,,,,,,,,,,,,,,,
,,,,,,,,,,,,,,,
,,,,,,,,,,,,,,,
,,,,,,,,,,,,,,,
,,,,,,,,,,,,,,,
,,,,,,,,,,,,,,,
,,,,,,,,,,,,,,,
,,,,,,,,,,,,,,,
,,,,,,,,,,,,,,,
,,,,,,,,,,,,,,,
,,,,,,,,,,,,,,,
,,,,,,,,,,,,,,,
,,,,,,,,,,,,,,,
,,,,,,,,,,,,,,,
,,,,,,,,,,,,,,,
,,,,,,,,,,,,,,,
,,,,,,,,,,,,,,,
,,,,,,,,,,,,,,,
,,,,,,,,,,,,,,,
,,,,,,,,,,,,,,,
,,,,,,,,,,,,,,,
,,,,,,,,,,,,,,,
,,,,,,,,,,,,,,,
,,,,,,,,,,,,,,,
,,,,,,,,,,,,,,,
,,,,,,,,,,,,,,,
,,,,,,,,,,,,,,,
,,,,,,,,,,,,,,,
,,,,,,,,,,,,,,,
,,,,,,,,,,,,,,,
,,,,,,,,,,,,,,,
,,,,,,,,,,,,,,,
,,,,,,,,,,,,,,,
,,,,,,,,,,,,,,,
,,,,,,,,,,,,,,,
,,,,,,,,,,,,,,,
,,,,,,,,,,,,,,,
,,,,,,,,,,,,,,,
,,,,,,,,,,,,,,,
,,,,,,,,,,,,,,,
,,,,,,,,,,,,,,,
,,,,,,,,,,,,,,,
,,,,,,,,,,,,,,,
,,,,,,,,,,,,,,,
,,,,,,,,,,,,,,,
,,,,,,,,,,,,,,,
,,,,,,,,,,,,,,,
,,,,,,,,,,,,,,,
,,,,,,,,,,,,,,,
,,,,,,,,,,,,,,,
,,,,,,,,,,,,,,,
,,,,,,,,,,,,,,,
,,,,,,,,,,,,,,,
,,,,,,,,,,,,,,,
,,,,,,,,,,,,,,,
,,,,,,,,,,,,,,,
,,,,,,,,,,,,,,,
,,,,,,,,,,,,,,,
,,,,,,,,,,,,,,,
,,,,,,,,,,,,,,,
,,,,,,,,,,,,,,,
,,,,,,,,,,,,,,,
,,,,,,,,,,,,,,,
,,,,,,,,,,,,,,,
,,,,,,,,,,,,,,,
,,,,,,,,,,,,,,,
,,,,,,,,,,,,,,,
,,,,,,,,,,,,,,,
,,,,,,,,,,,,,,,
,,,,,,,,,,,,,,,
,,,,,,,,,,,,,,,
,,,,,,,,,,,,,,,
,,,,,,,,,,,,,,,
,,,,,,,,,,,,,,,
,,,,,,,,,,,,,,,
,,,,,,,,,,,,,,,
,,,,,,,,,,,,,,,
,,,,,,,,,,,,,,,
,,,,,,,,,,,,,,,
,,,,,,,,,,,,,,,
,,,,,,,,,,,,,,,
,,,,,,,,,,,,,,,
,,,,,,,,,,,,,,,
,,,,,,,,,,,,,,,
,,,,,,,,,,,,,,,
,,,,,,,,,,,,,,,
,,,,,,,,,,,,,,,
,,,,,,,,,,,,,,,
,,,,,,,,,,,,,,,
,,,,,,,,,,,,,,,
,,,,,,,,,,,,,,,
,,,,,,,,,,,,,,,
,,,,,,,,,,,,,,,
,,,,,,,,,,,,,,,
,,,,,,,,,,,,,,,
,,,,,,,,,,,,,,,
,,,,,,,,,,,,,,,
,,,,,,,,,,,,,,,
,,,,,,,,,,,,,,,
,,,,,,,,,,,,,,,
,,,,,,,,,,,,,,,
,,,,,,,,,,,,,,,
,,,,,,,,,,,,,,,
,,,,,,,,,,,,,,,
,,,,,,,,,,,,,,,
,,,,,,,,,,,,,,,
,,,,,,,,,,,,,,,
,,,,,,,,,,,,,,,
,,,,,,,,,,,,,,,
,,,,,,,,,,,,,,,
,,,,,,,,,,,,,,,
,,,,,,,,,,,,,,,
,,,,,,,,,,,,,,,
,,,,,,,,,,,,,,,
,,,,,,,,,,,,,,,
,,,,,,,,,,,,,,,
,,,,,,,,,,,,,,,
,,,,,,,,,,,,,,,
,,,,,,,,,,,,,,,
,,,,,,,,,,,,,,,
,,,,,,,,,,,,,,,
,,,,,,,,,,,,,,,
,,,,,,,,,,,,,,,
,,,,,,,,,,,,,,,
,,,,,,,,,,,,,,,
,,,,,,,,,,,,,,,
,,,,,,,,,,,,,,,
,,,,,,,,,,,,,,,
,,,,,,,,,,,,,,,
,,,,,,,,,,,,,,,
,,,,,,,,,,,,,,,
,,,,,,,,,,,,,,,
,,,,,,,,,,,,,,,
,,,,,,,,,,,,,,,
,,,,,,,,,,,,,,,
,,,,,,,,,,,,,,,
,,,,,,,,,,,,,,,
,,,,,,,,,,,,,,,
,,,,,,,,,,,,,,,
,,,,,,,,,,,,,,,
,,,,,,,,,,,,,,,
,,,,,,,,,,,,,,,
,,,,,,,,,,,,,,,
,,,,,,,,,,,,,,,
,,,,,,,,,,,,,,,
,,,,,,,,,,,,,,,
,,,,,,,,,,,,,,,
,,,,,,,,,,,,,,,
,,,,,,,,,,,,,,,
,,,,,,,,,,,,,,,
,,,,,,,,,,,,,,,
,,,,,,,,,,,,,,,
,,,,,,,,,,,,,,,
,,,,,,,,,,,,,,,
,,,,,,,,,,,,,,,
,,,,,,,,,,,,,,,
,,,,,,,,,,,,,,,
,,,,,,,,,,,,,,,
,,,,,,,,,,,,,,,
,,,,,,,,,,,,,,,
,,,,,,,,,,,,,,,
,,,,,,,,,,,,,,,
,,,,,,,,,,,,,,,
,,,,,,,,,,,,,,,
,,,,,,,,,,,,,,,
,,,,,,,,,,,,,,,
,,,,,,,,,,,,,,,
,,,,,,,,,,,,,,,
,,,,,,,,,,,,,,,
,,,,,,,,,,,,,,,
,,,,,,,,,,,,,,,
,,,,,,,,,,,,,,,
,,,,,,,,,,,,,,,
,,,,,,,,,,,,,,,
,,,,,,,,,,,,,,,
,,,,,,,,,,,,,,,
,,,,,,,,,,,,,,,
,,,,,,,,,,,,,,,
,,,,,,,,,,,,,,,
,,,,,,,,,,,,,,,
,,,,,,,,,,,,,,,
,,,,,,,,,,,,,,,
,,,,,,,,,,,,,,,
,,,,,,,,,,,,,,,
,,,,,,,,,,,,,,,
,,,,,,,,,,,,,,,
,,,,,,,,,,,,,,,
,,,,,,,,,,,,,,,
,,,,,,,,,,,,,,,
,,,,,,,,,,,,,,,
,,,,,,,,,,,,,,,
,,,,,,,,,,,,,,,
,,,,,,,,,,,,,,,
,,,,,,,,,,,,,,,
,,,,,,,,,,,,,,,
,,,,,,,,,,,,,,,
,,,,,,,,,,,,,,,
,,,,,,,,,,,,,,,
,,,,,,,,,,,,,,,
,,,,,,,,,,,,,,,
,,,,,,,,,,,,,,,
,,,,,,,,,,,,,,,
,,,,,,,,,,,,,,,
,,,,,,,,,,,,,,,
,,,,,,,,,,,,,,,
,,,,,,,,,,,,,,,
,,,,,,,,,,,,,,,
,,,,,,,,,,,,,,,
,,,,,,,,,,,,,,,
,,,,,,,,,,,,,,,
,,,,,,,,,,,,,,,
,,,,,,,,,,,,,,,
,,,,,,,,,,,,,,,
,,,,,,,,,,,,,,,
,,,,,,,,,,,,,,,
,,,,,,,,,,,,,,,
,,,,,,,,,,,,,,,
,,,,,,,,,,,,,,,
,,,,,,,,,,,,,,,
,,,,,,,,,,,,,,,
,,,,,,,,,,,,,,,
,,,,,,,,,,,,,,,
,,,,,,,,,,,,,,,
,,,,,,,,,,,,,,,
,,,,,,,,,,,,,,,
,,,,,,,,,,,,,,,
,,,,,,,,,,,,,,,
,,,,,,,,,,,,,,,
,,,,,,,,,,,,,,,
,,,,,,,,,,,,,,,
,,,,,,,,,,,,,,,
,,,,,,,,,,,,,,,
,,,,,,,,,,,,,,,
,,,,,,,,,,,,,,,
,,,,,,,,,,,,,,,
,,,,,,,,,,,,,,,
,,,,,,,,,,,,,,,
,,,,,,,,,,,,,,,
,,,,,,,,,,,,,,,
,,,,,,,,,,,,,,,
,,,,,,,,,,,,,,,
,,,,,,,,,,,,,,,
,,,,,,,,,,,,,,,
,,,,,,,,,,,,,,,
,,,,,,,,,,,,,,,
,,,,,,,,,,,,,,,
,,,,,,,,,,,,,,,
,,,,,,,,,,,,,,,
,,,,,,,,,,,,,,,
,,,,,,,,,,,,,,,
,,,,,,,,,,,,,,,
,,,,,,,,,,,,,,,
,,,,,,,,,,,,,,,
,,,,,,,,,,,,,,,
,,,,,,,,,,,,,,,
,,,,,,,,,,,,,,,
,,,,,,,,,,,,,,,
,,,,,,,,,,,,,,,
,,,,,,,,,,,,,,,
,,,,,,,,,,,,,,,
,,,,,,,,,,,,,,,
,,,,,,,,,,,,,,,
,,,,,,,,,,,,,,,
,,,,,,,,,,,,,,,
,,,,,,,,,,,,,,,
,,,,,,,,,,,,,,,
,,,,,,,,,,,,,,,
,,,,,,,,,,,,,,,
,,,,,,,,,,,,,,,
,,,,,,,,,,,,,,,
,,,,,,,,,,,,,,,
,,,,,,,,,,,,,,,
,,,,,,,,,,,,,,,
,,,,,,,,,,,,,,,
,,,,,,,,,,,,,,,
,,,,,,,,,,,,,,,
,,,,,,,,,,,,,,,
,,,,,,,,,,,,,,,
,,,,,,,,,,,,,,,
,,,,,,,,,,,,,,,
,,,,,,,,,,,,,,,
,,,,,,,,,,,,,,,
,,,,,,,,,,,,,,,
,,,,,,,,,,,,,,,
,,,,,,,,,,,,,,,
,,,,,,,,,,,,,,,
,,,,,,,,,,,,,,,
,,,,,,,,,,,,,,,
,,,,,,,,,,,,,,,
,,,,,,,,,,,,,,,
,,,,,,,,,,,,,,,
,,,,,,,,,,,,,,,
,,,,,,,,,,,,,,,
,,,,,,,,,,,,,,,
,,,,,,,,,,,,,,,
,,,,,,,,,,,,,,,
,,,,,,,,,,,,,,,
,,,,,,,,,,,,,,,
,,,,,,,,,,,,,,,
,,,,,,,,,,,,,,,
,,,,,,,,,,,,,,,
,,,,,,,,,,,,,,,
,,,,,,,,,,,,,,,
,,,,,,,,,,,,,,,
,,,,,,,,,,,,,,,
,,,,,,,,,,,,,,,
,,,,,,,,,,,,,,,
,,,,,,,,,,,,,,,
,,,,,,,,,,,,,,,
,,,,,,,,,,,,,,,
,,,,,,,,,,,,,,,
,,,,,,,,,,,,,,,
,,,,,,,,,,,,,,,
,,,,,,,,,,,,,,,
,,,,,,,,,,,,,,,
,,,,,,,,,,,,,,,
,,,,,,,,,,,,,,,
,,,,,,,,,,,,,,,
,,,,,,,,,,,,,,,
,,,,,,,,,,,,,,,
,,,,,,,,,,,,,,,
,,,,,,,,,,,,,,,
,,,,,,,,,,,,,,,
,,,,,,,,,,,,,,,
,,,,,,,,,,,,,,,
,,,,,,,,,,,,,,,
,,,,,,,,,,,,,,,
,,,,,,,,,,,,,,,
,,,,,,,,,,,,,,,
,,,,,,,,,,,,,,,
,,,,,,,,,,,,,,,
,,,,,,,,,,,,,,,
,,,,,,,,,,,,,,,
,,,,,,,,,,,,,,,
,,,,,,,,,,,,,,,
,,,,,,,,,,,,,,,
,,,,,,,,,,,,,,,
,,,,,,,,,,,,,,,
,,,,,,,,,,,,,,,
,,,,,,,,,,,,,,,
,,,,,,,,,,,,,,,
,,,,,,,,,,,,,,,
,,,,,,,,,,,,,,,
,,,,,,,,,,,,,,,
,,,,,,,,,,,,,,,
,,,,,,,,,,,,,,,
,,,,,,,,,,,,,,,
,,,,,,,,,,,,,,,
,,,,,,,,,,,,,,,
,,,,,,,,,,,,,,,
,,,,,,,,,,,,,,,
,,,,,,,,,,,,,,,
,,,,,,,,,,,,,,,
,,,,,,,,,,,,,,,
,,,,,,,,,,,,,,,
,,,,,,,,,,,,,,,
,,,,,,,,,,,,,,,
,,,,,,,,,,,,,,,
,,,,,,,,,,,,,,,
,,,,,,,,,,,,,,,
,,,,,,,,,,,,,,,
,,,,,,,,,,,,,,,
,,,,,,,,,,,,,,,
,,,,,,,,,,,,,,,
,,,,,,,,,,,,,,,
,,,,,,,,,,,,,,,
,,,,,,,,,,,,,,,
,,,,,,,,,,,,,,,
,,,,,,,,,,,,,,,
,,,,,,,,,,,,,,,
,,,,,,,,,,,,,,,
,,,,,,,,,,,,,,,
,,,,,,,,,,,,,,,
,,,,,,,,,,,,,,,
,,,,,,,,,,,,,,,
,,,,,,,,,,,,,,,
,,,,,,,,,,,,,,,
,,,,,,,,,,,,,,,
,,,,,,,,,,,,,,,
,,,,,,,,,,,,,,,
,,,,,,,,,,,,,,,
,,,,,,,,,,,,,,,
,,,,,,,,,,,,,,,
,,,,,,,,,,,,,,,
,,,,,,,,,,,,,,,
,,,,,,,,,,,,,,,
,,,,,,,,,,,,,,,
,,,,,,,,,,,,,,,
,,,,,,,,,,,,,,,
,,,,,,,,,,,,,,,
,,,,,,,,,,,,,,,
,,,,,,,,,,,,,,,
,,,,,,,,,,,,,,,
,,,,,,,,,,,,,,,
,,,,,,,,,,,,,,,
,,,,,,,,,,,,,,,
,,,,,,,,,,,,,,,
,,,,,,,,,,,,,,,
,,,,,,,,,,,,,,,
,,,,,,,,,,,,,,,
,,,,,,,,,,,,,,,
,,,,,,,,,,,,,,,
,,,,,,,,,,,,,,,
,,,,,,,,,,,,,,,
,,,,,,,,,,,,,,,
,,,,,,,,,,,,,,,
,,,,,,,,,,,,,,,
,,,,,,,,,,,,,,,
,,,,,,,,,,,,,,,
,,,,,,,,,,,,,,,
,,,,,,,,,,,,,,,
,,,,,,,,,,,,,,,
,,,,,,,,,,,,,,,
,,,,,,,,,,,,,,,
,,,,,,,,,,,,,,,
,,,,,,,,,,,,,,,
,,,,,,,,,,,,,,,
,,,,,,,,,,,,,,,
,,,,,,,,,,,,,,,
,,,,,,,,,,,,,,,
,,,,,,,,,,,,,,,
,,,,,,,,,,,,,,,
,,,,,,,,,,,,,,,
,,,,,,,,,,,,,,,
,,,,,,,,,,,,,,,
,,,,,,,,,,,,,,,
,,,,,,,,,,,,,,,
,,,,,,,,,,,,,,,
,,,,,,,,,,,,,,,
,,,,,,,,,,,,,,,
,,,,,,,,,,,,,,,
,,,,,,,,,,,,,,,
,,,,,,,,,,,,,,,
,,,,,,,,,,,,,,,
,,,,,,,,,,,,,,,
,,,,,,,,,,,,,,,
,,,,,,,,,,,,,,,
,,,,,,,,,,,,,,,
,,,,,,,,,,,,,,,
,,,,,,,,,,,,,,,
,,,,,,,,,,,,,,,
,,,,,,,,,,,,,,,
,,,,,,,,,,,,,,,
,,,,,,,,,,,,,,,
,,,,,,,,,,,,,,,
,,,,,,,,,,,,,,,
,,,,,,,,,,,,,,,
,,,,,,,,,,,,,,,
,,,,,,,,,,,,,,,
,,,,,,,,,,,,,,,
,,,,,,,,,,,,,,,
,,,,,,,,,,,,,,,
,,,,,,,,,,,,,,,
,,,,,,,,,,,,,,,
,,,,,,,,,,,,,,,
,,,,,,,,,,,,,,,
,,,,,,,,,,,,,,,
,,,,,,,,,,,,,,,
,,,,,,,,,,,,,,,
,,,,,,,,,,,,,,,
,,,,,,,,,,,,,,,
,,,,,,,,,,,,,,,
,,,,,,,,,,,,,,,
,,,,,,,,,,,,,,,
,,,,,,,,,,,,,,,
,,,,,,,,,,,,,,,
,,,,,,,,,,,,,,,
,,,,,,,,,,,,,,,
,,,,,,,,,,,,,,,
,,,,,,,,,,,,,,,
,,,,,,,,,,,,,,,
,,,,,,,,,,,,,,,
,,,,,,,,,,,,,,,
,,,,,,,,,,,,,,,
,,,,,,,,,,,,,,,
,,,,,,,,,,,,,,,
,,,,,,,,,,,,,,,
,,,,,,,,,,,,,,,
,,,,,,,,,,,,,,,
,,,,,,,,,,,,,,,
,,,,,,,,,,,,,,,
,,,,,,,,,,,,,,,
,,,,,,,,,,,,,,,
,,,,,,,,,,,,,,,
,,,,,,,,,,,,,,,
,,,,,,,,,,,,,,,
,,,,,,,,,,,,,,,
,,,,,,,,,,,,,,,
,,,,,,,,,,,,,,,
,,,,,,,,,,,,,,,
,,,,,,,,,,,,,,,
,,,,,,,,,,,,,,,
,,,,,,,,,,,,,,,
,,,,,,,,,,,,,,,
,,,,,,,,,,,,,,,
,,,,,,,,,,,,,,,
,,,,,,,,,,,,,,,
,,,,,,,,,,,,,,,
,,,,,,,,,,,,,,,
,,,,,,,,,,,,,,,
,,,,,,,,,,,,,,,
,,,,,,,,,,,,,,,
,,,,,,,,,,,,,,,
,,,,,,,,,,,,,,,
,,,,,,,,,,,,,,,
,,,,,,,,,,,,,,,
,,,,,,,,,,,,,,,
,,,,,,,,,,,,,,,
,,,,,,,,,,,,,,,
,,,,,,,,,,,,,,,
,,,,,,,,,,,,,,,
,,,,,,,,,,,,,,,
,,,,,,,,,,,,,,,
,,,,,,,,,,,,,,,
,,,,,,,,,,,,,,,
,,,,,,,,,,,,,,,
,,,,,,,,,,,,,,,
,,,,,,,,,,,,,,,
,,,,,,,,,,,,,,,
,,,,,,,,,,,,,,,
,,,,,,,,,,,,,,,
,,,,,,,,,,,,,,,
,,,,,,,,,,,,,,,
,,,,,,,,,,,,,,,
,,,,,,,,,,,,,,,
,,,,,,,,,,,,,,,
,,,,,,,,,,,,,,,
,,,,,,,,,,,,,,,
,,,,,,,,,,,,,,,
,,,,,,,,,,,,,,,
,,,,,,,,,,,,,,,
,,,,,,,,,,,,,,,
,,,,,,,,,,,,,,,
,,,,,,,,,,,,,,,
,,,,,,,,,,,,,,,
,,,,,,,,,,,,,,,
,,,,,,,,,,,,,,,
,,,,,,,,,,,,,,,
,,,,,,,,,,,,,,,
,,,,,,,,,,,,,,,
,,,,,,,,,,,,,,,
,,,,,,,,,,,,,,,
,,,,,,,,,,,,,,,
,,,,,,,,,,,,,,,
,,,,,,,,,,,,,,,
,,,,,,,,,,,,,,,
,,,,,,,,,,,,,,,
,,,,,,,,,,,,,,,
,,,,,,,,,,,,,,,
,,,,,,,,,,,,,,,
,,,,,,,,,,,,,,,
,,,,,,,,,,,,,,,
,,,,,,,,,,,,,,,
,,,,,,,,,,,,,,,
,,,,,,,,,,,,,,,
,,,,,,,,,,,,,,,
,,,,,,,,,,,,,,,
,,,,,,,,,,,,,,,
,,,,,,,,,,,,,,,
,,,,,,,,,,,,,,,
,,,,,,,,,,,,,,,
,,,,,,,,,,,,,,,
,,,,,,,,,,,,,,,
,,,,,,,,,,,,,,,
,,,,,,,,,,,,,,,
,,,,,,,,,,,,,,,
,,,,,,,,,,,,,,,
,,,,,,,,,,,,,,,
,,,,,,,,,,,,,,,
,,,,,,,,,,,,,,,
,,,,,,,,,,,,,,,
,,,,,,,,,,,,,,,
,,,,,,,,,,,,,,,
,,,,,,,,,,,,,,,
,,,,,,,,,,,,,,,
,,,,,,,,,,,,,,,
,,,,,,,,,,,,,,,
,,,,,,,,,,,,,,,
,,,,,,,,,,,,,,,
,,,,,,,,,,,,,,,
,,,,,,,,,,,,,,,
,,,,,,,,,,,,,,,
,,,,,,,,,,,,,,,
,,,,,,,,,,,,,,,
,,,,,,,,,,,,,,,
,,,,,,,,,,,,,,,
,,,,,,,,,,,,,,,
,,,,,,,,,,,,,,,
,,,,,,,,,,,,,,,
,,,,,,,,,,,,,,,
,,,,,,,,,,,,,,,
,,,,,,,,,,,,,,,
,,,,,,,,,,,,,,,
,,,,,,,,,,,,,,,
,,,,,,,,,,,,,,,
,,,,,,,,,,,,,,,
,,,,,,,,,,,,,,,
,,,,,,,,,,,,,,,
,,,,,,,,,,,,,,,
,,,,,,,,,,,,,,,
,,,,,,,,,,,,,,,
,,,,,,,,,,,,,,,
,,,,,,,,,,,,,,,
,,,,,,,,,,,,,,,
,,,,,,,,,,,,,,,
,,,,,,,,,,,,,,,
,,,,,,,,,,,,,,,
,,,,,,,,,,,,,,,
,,,,,,,,,,,,,,,
,,,,,,,,,,,,,,,
,,,,,,,,,,,,,,,
,,,,,,,,,,,,,,,
,,,,,,,,,,,,,,,
,,,,,,,,,,,,,,,
,,,,,,,,,,,,,,,
,,,,,,,,,,,,,,,
,,,,,,,,,,,,,,,
,,,,,,,,,,,,,,,
,,,,,,,,,,,,,,,
,,,,,,,,,,,,,,,
,,,,,,,,,,,,,,,
,,,,,,,,,,,,,,,
,,,,,,,,,,,,,,,
,,,,,,,,,,,,,,,
,,,,,,,,,,,,,,,
,,,,,,,,,,,,,,,
,,,,,,,,,,,,,,,
,,,,,,,,,,,,,,,
,,,,,,,,,,,,,,,
,,,,,,,,,,,,,,,
,,,,,,,,,,,,,,,
,,,,,,,,,,,,,,,
,,,,,,,,,,,,,,,
,,,,,,,,,,,,,,,
,,,,,,,,,,,,,,,
,,,,,,,,,,,,,,,
,,,,,,,,,,,,,,,
,,,,,,,,,,,,,,,
,,,,,,,,,,,,,,,
,,,,,,,,,,,,,,,
,,,,,,,,,,,,,,,
,,,,,,,,,,,,,,,
,,,,,,,,,,,,,,,
,,,,,,,,,,,,,,,
,,,,,,,,,,,,,,,
,,,,,,,,,,,,,,,
,,,,,,,,,,,,,,,
,,,,,,,,,,,,,,,
,,,,,,,,,,,,,,,
,,,,,,,,,,,,,,,
,,,,,,,,,,,,,,,
,,,,,,,,,,,,,,,
,,,,,,,,,,,,,,,
,,,,,,,,,,,,,,,
,,,,,,,,,,,,,,,
,,,,,,,,,,,,,,,
,,,,,,,,,,,,,,,
,,,,,,,,,,,,,,,
,,,,,,,,,,,,,,,
,,,,,,,,,,,,,,,
,,,,,,,,,,,,,,,
,,,,,,,,,,,,,,,
,,,,,,,,,,,,,,,
,,,,,,,,,,,,,,,
,,,,,,,,,,,,,,,
,,,,,,,,,,,,,,,
,,,,,,,,,,,,,,,
,,,,,,,,,,,,,,,
,,,,,,,,,,,,,,,
,,,,,,,,,,,,,,,
,,,,,,,,,,,,,,,
,,,,,,,,,,,,,,,
,,,,,,,,,,,,,,,
,,,,,,,,,,,,,,,
,,,,,,,,,,,,,,,
,,,,,,,,,,,,,,,
,,,,,,,,,,,,,,,
,,,,,,,,,,,,,,,
,,,,,,,,,,,,,,,
,,,,,,,,,,,,,,,
,,,,,,,,,,,,,,,
,,,,,,,,,,,,,,,
,,,,,,,,,,,,,,,
,,,,,,,,,,,,,,,
,,,,,,,,,,,,,,,
,,,,,,,,,,,,,,,
,,,,,,,,,,,,,,,
,,,,,,,,,,,,,,,
,,,,,,,,,,,,,,,
,,,,,,,,,,,,,,,
,,,,,,,,,,,,,,,
,,,,,,,,,,,,,,,
,,,,,,,,,,,,,,,
,,,,,,,,,,,,,,,
,,,,,,,,,,,,,,,
,,,,,,,,,,,,,,,
,,,,,,,,,,,,,,,
,,,,,,,,,,,,,,,
,,,,,,,,,,,,,,,
,,,,,,,,,,,,,,,
,,,,,,,,,,,,,,,
,,,,,,,,,,,,,,,
,,,,,,,,,,,,,,,
,,,,,,,,,,,,,,,
,,,,,,,,,,,,,,,
,,,,,,,,,,,,,,,
,,,,,,,,,,,,,,,
,,,,,,,,,,,,,,,
,,,,,,,,,,,,,,,
,,,,,,,,,,,,,,,
,,,,,,,,,,,,,,,
,,,,,,,,,,,,,,,
,,,,,,,,,,,,,,,
,,,,,,,,,,,,,,,
,,,,,,,,,,,,,,,
,,,,,,,,,,,,,,,
,,,,,,,,,,,,,,,
,,,,,,,,,,,,,,,
,,,,,,,,,,,,,,,
,,,,,,,,,,,,,,,
,,,,,,,,,,,,,,,
,,,,,,,,,,,,,,,
,,,,,,,,,,,,,,,
,,,,,,,,,,,,,,,
,,,,,,,,,,,,,,,
,,,,,,,,,,,,,,,
,,,,,,,,,,,,,,,
,,,,,,,,,,,,,,,
,,,,,,,,,,,,,,,
,,,,,,,,,,,,,,,
,,,,,,,,,,,,,,,
,,,,,,,,,,,,,,,
,,,,,,,,,,,,,,,
,,,,,,,,,,,,,,,
,,,,,,,,,,,,,,,
,,,,,,,,,,,,,,,
,,,,,,,,,,,,,,,
,,,,,,,,,,,,,,,
,,,,,,,,,,,,,,,
,,,,,,,,,,,,,,,
,,,,,,,,,,,,,,,
,,,,,,,,,,,,,,,
,,,,,,,,,,,,,,,
,,,,,,,,,,,,,,,
,,,,,,,,,,,,,,,
,,,,,,,,,,,,,,,
,,,,,,,,,,,,,,,
,,,,,,,,,,,,,,,
,,,,,,,,,,,,,,,
,,,,,,,,,,,,,,,
,,,,,,,,,,,,,,,
,,,,,,,,,,,,,,,
,,,,,,,,,,,,,,,
,,,,,,,,,,,,,,,
,,,,,,,,,,,,,,,
,,,,,,,,,,,,,,,
,,,,,,,,,,,,,,,
,,,,,,,,,,,,,,,
,,,,,,,,,,,,,,,
,,,,,,,,,,,,,,,
,,,,,,,,,,,,,,,
,,,,,,,,,,,,,,,
,,,,,,,,,,,,,,,
,,,,,,,,,,,,,,,
,,,,,,,,,,,,,,,
,,,,,,,,,,,,,,,
,,,,,,,,,,,,,,,
,,,,,,,,,,,,,,,
,,,,,,,,,,,,,,,
,,,,,,,,,,,,,,,
,,,,,,,,,,,,,,,
,,,,,,,,,,,,,,,
,,,,,,,,,,,,,,,
,,,,,,,,,,,,,,,
,,,,,,,,,,,,,,,
,,,,,,,,,,,,,,,
,,,,,,,,,,,,,,,
,,,,,,,,,,,,,,,
,,,,,,,,,,,,,,,
,,,,,,,,,,,,,,,
,,,,,,,,,,,,,,,
,,,,,,,,,,,,,,,
,,,,,,,,,,,,,,,
,,,,,,,,,,,,,,,
,,,,,,,,,,,,,,,
,,,,,,,,,,,,,,,
,,,,,,,,,,,,,,,
,,,,,,,,,,,,,,,
,,,,,,,,,,,,,,,
,,,,,,,,,,,,,,,
,,,,,,,,,,,,,,,
,,,,,,,,,,,,,,,
,,,,,,,,,,,,,,,
,,,,,,,,,,,,,,,
,,,,,,,,,,,,,,,
,,,,,,,,,,,,,,,
,,,,,,,,,,,,,,,
,,,,,,,,,,,,,,,
,,,,,,,,,,,,,,,
,,,,,,,,,,,,,,,
,,,,,,,,,,,,,,,
,,,,,,,,,,,,,,,
,,,,,,,,,,,,,,,
,,,,,,,,,,,,,,,
,,,,,,,,,,,,,,,
,,,,,,,,,,,,,,,
,,,,,,,,,,,,,,,
,,,,,,,,,,,,,,,
,,,,,,,,,,,,,,,
,,,,,,,,,,,,,,,
,,,,,,,,,,,,,,,
,,,,,,,,,,,,,,,
,,,,,,,,,,,,,,,
,,,,,,,,,,,,,,,
,,,,,,,,,,,,,,,
,,,,,,,,,,,,,,,
,,,,,,,,,,,,,,,
,,,,,,,,,,,,,,,
,,,,,,,,,,,,,,,
,,,,,,,,,,,,,,,
,,,,,,,,,,,,,,,
,,,,,,,,,,,,,,,
,,,,,,,,,,,,,,,
,,,,,,,,,,,,,,,
,,,,,,,,,,,,,,,
,,,,,,,,,,,,,,,
,,,,,,,,,,,,,,,
,,,,,,,,,,,,,,,
,,,,,,,,,,,,,,,
,,,,,,,,,,,,,,,
,,,,,,,,,,,,,,,
,,,,,,,,,,,,,,,
,,,,,,,,,,,,,,,
,,,,,,,,,,,,,,,
,,,,,,,,,,,,,,,
,,,,,,,,,,,,,,,
,,,,,,,,,,,,,,,
,,,,,,,,,,,,,,,
,,,,,,,,,,,,,,,
,,,,,,,,,,,,,,,
,,,,,,,,,,,,,,,
,,,,,,,,,,,,,,,
,,,,,,,,,,,,,,,
,,,,,,,,,,,,,,,
,,,,,,,,,,,,,,,
,,,,,,,,,,,,,,,
,,,,,,,,,,,,,,,
,,,,,,,,,,,,,,,
,,,,,,,,,,,,,,,
,,,,,,,,,,,,,,,
,,,,,,,,,,,,,,,
,,,,,,,,,,,,,,,
,,,,,,,,,,,,,,,
,,,,,,,,,,,,,,,
,,,,,,,,,,,,,,,
,,,,,,,,,,,,,,,
,,,,,,,,,,,,,,,
,,,,,,,,,,,,,,,
,,,,,,,,,,,,,,,
,,,,,,,,,,,,,,,
,,,,,,,,,,,,,,,
,,,,,,,,,,,,,,,
,,,,,,,,,,,,,,,
,,,,,,,,,,,,,,,
,,,,,,,,,,,,,,,
,,,,,,,,,,,,,,,
,,,,,,,,,,,,,,,
,,,,,,,,,,,,,,,
,,,,,,,,,,,,,,,
,,,,,,,,,,,,,,,
,,,,,,,,,,,,,,,
,,,,,,,,,,,,,,,
,,,,,,,,,,,,,,,
,,,,,,,,,,,,,,,
,,,,,,,,,,,,,,,
,,,,,,,,,,,,,,,
,,,,,,,,,,,,,,,
,,,,,,,,,,,,,,,
,,,,,,,,,,,,,,,
,,,,,,,,,,,,,,,
,,,,,,,,,,,,,,,
,,,,,,,,,,,,,,,
,,,,,,,,,,,,,,,
,,,,,,,,,,,,,,,
,,,,,,,,,,,,,,,
,,,,,,,,,,,,,,,
,,,,,,,,,,,,,,,
,,,,,,,,,,,,,,,
,,,,,,,,,,,,,,,
,,,,,,,,,,,,,,,
,,,,,,,,,,,,,,,
,,,,,,,,,,,,,,,
,,,,,,,,,,,,,,,
,,,,,,,,,,,,,,,
,,,,,,,,,,,,,,,
,,,,,,,,,,,,,,,
,,,,,,,,,,,,,,,
,,,,,,,,,,,,,,,
,,,,,,,,,,,,,,,
,,,,,,,,,,,,,,,
,,,,,,,,,,,,,,,
,,,,,,,,,,,,,,,
,,,,,,,,,,,,,,,
,,,,,,,,,,,,,,,
,,,,,,,,,,,,,,,
,,,,,,,,,,,,,,,
,,,,,,,,,,,,,,,
,,,,,,,,,,,,,,,
,,,,,,,,,,,,,,,
,,,,,,,,,,,,,,,
,,,,,,,,,,,,,,,
,,,,,,,,,,,,,,,
,,,,,,,,,,,,,,,
,,,,,,,,,,,,,,,
,,,,,,,,,,,,,,,
,,,,,,,,,,,,,,,
,,,,,,,,,,,,,,,
,,,,,,,,,,,,,,,
,,,,,,,,,,,,,,,
,,,,,,,,,,,,,,,
,,,,,,,,,,,,,,,
,,,,,,,,,,,,,,,
,,,,,,,,,,,,,,,
,,,,,,,,,,,,,,,
,,,,,,,,,,,,,,,
,,,,,,,,,,,,,,,
,,,,,,,,,,,,,,,
,,,,,,,,,,,,,,,
,,,,,,,,,,,,,,,
,,,,,,,,,,,,,,,
,,,,,,,,,,,,,,,
,,,,,,,,,,,,,,,
,,,,,,,,,,,,,,,
,,,,,,,,,,,,,,,
,,,,,,,,,,,,,,,
,,,,,,,,,,,,,,,
,,,,,,,,,,,,,,,
,,,,,,,,,,,,,,,
,,,,,,,,,,,,,,,
,,,,,,,,,,,,,,,
,,,,,,,,,,,,,,,
,,,,,,,,,,,,,,,
,,,,,,,,,,,,,,,
,,,,,,,,,,,,,,,
,,,,,,,,,,,,,,,
,,,,,,,,,,,,,,,
,,,,,,,,,,,,,,,
,,,,,,,,,,,,,,,
,,,,,,,,,,,,,,,
,,,,,,,,,,,,,,,
,,,,,,,,,,,,,,,
,,,,,,,,,,,,,,,
